comp_id,bioactivity,data_split,smiles
CHEMBL101747,1,test,CCN1CCC(CC(=O)Nc2n[nH]c3nc(-c4cccs4)c(Br)cc23)CC1
CHEMBL101804,1,train,O=C(Nc1n[nH]c2nc(-c3ccco3)ccc12)C1CC1
CHEMBL102714,1,train,Cn1cc(C2=C(c3ccc(Cl)cc3Cl)C(=O)NC2=O)c2ccccc21
CHEMBL1078178,0,test,N#CCNC(=O)c1ccc(-c2ccnc(Nc3ccc(N4CCOCC4)cc3)n2)cc1
CHEMBL1079175,0,test,NC1(c2ccc(-c3nc4ccn5c(=O)[nH]nc5c4cc3-c3ccccc3)cc2)CCC1
CHEMBL1080901,1,train,Nc1nc(NCCNc2ncc(-c3ncc[nH]3)c(-c3ccc(Cl)cc3Cl)n2)ccc1[N+](=O)[O-]
CHEMBL1082152,1,train,Cn1cc(C2=C(c3cccc(NCC(O)CO)c3)C(=O)NC2=O)c2cc(F)ccc21
CHEMBL1084546,1,test,CN(c1ncccc1CNc1nc(Nc2ccc3c(c2)CC(=O)N3)ncc1C(F)(F)F)S(C)(=O)=O
CHEMBL1088751,0,test,CNC(=O)c1ccc(C)c(-n2c(C)cc(OCc3ccc(F)cc3F)c(Br)c2=O)c1
CHEMBL1088752,0,test,Cc1c(F)cc(C(=O)NC2CC2)cc1-c1ccc(C(=O)NCC(C)(C)C)cn1
CHEMBL1090090,0,test,NC(=O)c1ccc(N(C(N)=O)c2c(F)cccc2F)nc1-c1ccc(F)cc1F
CHEMBL1090479,0,test,CCn1cc(-c2ccnc3[nH]c(-c4cccc(CN(C)C)c4)cc23)c(-c2ccc(NC(=O)N(C)C)cc2)n1
CHEMBL1091644,0,test,C[C@]1(O)C[C@@H](c2nc(-c3ccc4ccc(-c5ccccc5)nc4c3)c3c(N)nccn32)C1
CHEMBL1092754,1,test,Cn1cc(/C=C2\\Oc3cccc(O)c3C2=O)c2c(-c3ccc(C(=O)NCCO)cc3)ccnc21
CHEMBL1094408,0,test,COc1ccc(N2CCN(C)CC2)cc1Nc1ncc2c(n1)-c1c(c(C(N)=O)nn1C)CC2
CHEMBL1171837,0,test,Cc1ccc(C(=O)Nc2ccc(CN3CCN(C)CC3)c(C(F)(F)F)c2)cc1C#Cc1cnc2cccnn12
CHEMBL1173655,0,test,CN(C)C/C=C/C(=O)Nc1cc2c(Nc3ccc(F)c(Cl)c3)ncnc2cc1O[C@H]1CCOC1
CHEMBL1201182,0,train,CO[C@H]1C[C@@H]2CC[C@@H](C)[C@@](O)(O2)C(=O)C(=O)N2CCCC[C@H]2C(=O)O[C@H]([C@H](C)C[C@@H]2CC[C@@H](OC(=O)C(C)(CO)CO)[C@H](OC)C2)CC(=O)[C@H](C)/C=C(\\C)[C@@H](O)[C@@H](OC)C(=O)[C@H](C)C[C@H](C)/C=C/C=C/C=C/1C
CHEMBL1222044,0,train,NC(=O)c1sc2c([N+](=O)[O-])cc(SC(F)(F)F)cc2[n+]1[O-]
CHEMBL1229517,0,test,CCCS(=O)(=O)Nc1ccc(F)c(C(=O)c2c[nH]c3ncc(-c4ccc(Cl)cc4)cc23)c1F
CHEMBL1230607,1,test,CC(C)CC(=O)Nc1n[nH]c2c1CN(C(=O)C1CCN(C)CC1)C2(C)C
CHEMBL1230609,0,test,COc1cc2c(Oc3ccc(NC(=O)C4(C(=O)Nc5ccc(F)cc5)CC4)cc3F)ccnc2cc1OCCCN1CCOCC1
CHEMBL1231124,0,test,Cc1cc(Nc2nc(N[C@@H](C)c3ncc(F)cn3)ncc2Cl)[nH]n1
CHEMBL1233300,0,train,O=S(=O)(c1cccc2c(O)nccc12)N1CCCNCC1
CHEMBL1233528,0,test,CC[C@@H]1C(=O)N(C)c2cnc(Nc3ccc(C(=O)N[C@H]4CC[C@H](N5CCN(CC6CC6)CC5)CC4)cc3OC)nc2N1C(C)C
CHEMBL1234354,0,test,COc1ccc(-c2cc3c(C)nc(N)nc3n([C@H]3CC[C@H](OCCO)CC3)c2=O)cn1
CHEMBL1236107,0,test,Cn1cc(-c2ccc3nnc(Sc4ccc5ncccc5c4)n3n2)cn1
CHEMBL1236682,0,test,COc1cc(F)c(F)c(Nc2ccc(I)cc2F)c1NS(=O)(=O)C1(C[C@H](O)CO)CC1
CHEMBL1236962,0,test,COc1ncc(-c2ccc3nccc(-c4ccnnc4)c3c2)cc1NS(=O)(=O)c1ccc(F)cc1F
CHEMBL1241855,0,test,COc1cc(OC)c(/C=C/S(=O)(=O)Cc2ccc(OC)c(NCC(=O)O)c2)c(OC)c1
CHEMBL1242556,1,train,CN(C)CCC(=O)Nc1n[nH]c2nnc(-c3ccccc3)cc12
CHEMBL1276446,1,test,O=C1Nc2ccc3ncsc3c2/C1=C/Nc1ccc(S(=O)(=O)Nc2ccccn2)cc1
CHEMBL1287853,0,test,Cc1cnc(Nc2ccc(OCCN3CCCC3)cc2)nc1Nc1cccc(S(=O)(=O)NC(C)(C)C)c1
CHEMBL1289494,0,test,COc1cc2nccc(Oc3ccc(NC(=O)Nc4cc(C)on4)c(Cl)c3)c2cc1OC
CHEMBL1289601,0,test,COc1cc2nccc(Oc3ccc(NC(=O)NC4CC4)c(Cl)c3)c2cc1C(N)=O
CHEMBL1289926,0,test,CNC(=O)c1ccccc1Sc1ccc2c(/C=C/c3ccccn3)n[nH]c2c1
CHEMBL1300063,1,test,CCOC(=O)c1ccc2ncc(C(=O)OCC)c(Nc3ccc(N4CCOCC4)cc3)c2c1
CHEMBL1301070,0,train,CCCn1nc(NC(=O)C(C)C)c2cc3cc(OC)ccc3nc21
CHEMBL1310209,1,test,COC(=O)c1nnn(-c2nonc2N)c1CSc1nc2ccccc2s1
CHEMBL1341040,1,test,O=C(Nc1cccc(Cl)c1)Nc1ccnc(-c2cccnc2)n1
CHEMBL1344120,1,test,O=C(CSc1ccc2nnc(-c3cccs3)n2n1)N1CCCC1
CHEMBL1352577,1,train,N#Cc1ccc(CSc2nnc(-c3ccncc3)o2)cc1
CHEMBL1369106,1,train,COc1ccccc1Nc1nc(NCCO)nc(N)c1[N+](=O)[O-]
CHEMBL1382985,1,train,Nc1nc(NCCCN2CCOCC2)nc(Nc2ccc(F)cc2)c1[N+](=O)[O-]
CHEMBL1405580,1,test,Nc1nc(Nc2cccc(F)c2)nc(NCCO)c1[N+](=O)[O-]
CHEMBL1431441,0,test,O=C1Nc2cc(C(=O)NCCN3CCCCCC3)ccc2S/C1=C\\c1ccccc1
CHEMBL1433424,1,train,C=CCNc1nc(N)c([N+](=O)[O-])c(Nc2ccccc2OC)n1
CHEMBL1447858,1,train,Nc1nc(NCCCN2CCOCC2)nc(Nc2cccc(Cl)c2)c1[N+](=O)[O-]
CHEMBL1448605,1,test,CCNc1nc(N)c(C(=O)c2ccc(Cl)s2)s1
CHEMBL1464354,1,test,COc1cccc(C(=O)c2sc(NC(C)C)nc2N)c1
CHEMBL1471916,1,train,Fc1ccc(CSc2nnc(-c3ccncc3)o2)cc1
CHEMBL14762,0,test,CC[C@H](CO)Nc1nc(NCc2ccccc2)c2ncn(C(C)C)c2n1
CHEMBL1498228,1,test,COc1ccc2nc(NC(=O)CCNC(=O)c3ccccc3Cl)sc2c1
CHEMBL1521195,1,train,Nc1nc(NCCCN2CCOCC2)nc(Nc2cccc(F)c2)c1[N+](=O)[O-]
CHEMBL1534168,1,test,CCCn1nc(NC(=O)c2cccs2)c2cc3cc(OC)ccc3nc21
CHEMBL1538986,1,test,Nc1nc(Nc2ccccc2)nc(NC2CCCCC2)c1[N+](=O)[O-]
CHEMBL1545694,1,test,O=C(CN1C(=O)CCC1=O)Nc1cccc2c1C(=O)NC2=O
CHEMBL1547186,1,test,Cn1c(SCc2nnc(-c3ccc(F)cc3)o2)nnc1C1COc2ccccc2O1
CHEMBL1547788,1,test,c1ccc2c(CSc3nnc(-c4ccncc4)o3)cccc2c1
CHEMBL155680,0,train,O=C1NC(=O)C(c2cccc([N+](=O)[O-])c2)=C1Nc1ccc(O)cc1
CHEMBL155904,0,train,COc1cccc(C2=C(N(C)c3ccccc3)C(=O)NC2=O)c1
CHEMBL155931,0,train,O=C1NC(=O)C(c2ccccc2[N+](=O)[O-])=C1Nc1cccc(O)c1
CHEMBL155967,0,train,O=C1NC(=O)C(N2CCc3ccccc32)=C1c1ccccc1Cl
CHEMBL156153,0,train,O=C1NC(=O)C(N2CCc3ccccc32)=C1c1cccc([N+](=O)[O-])c1
CHEMBL156218,0,train,COc1ccc(C2=C(Nc3cccc(C(=O)O)c3)C(=O)NC2=O)cc1
CHEMBL156263,0,train,COc1ccccc1C1=C(Nc2ccccc2)C(=O)NC1=O
CHEMBL156277,1,train,COc1ccccc1C1=C(Nc2cccc(Cl)c2)C(=O)NC1=O
CHEMBL156379,1,train,O=C1NC(=O)C(c2cccc([N+](=O)[O-])c2)=C1Nc1ccc(Cl)c(C(=O)O)c1
CHEMBL156506,0,train,O=C1NC(=O)C(c2ccccc2Cl)=C1Nc1cccc(Cl)c1
CHEMBL156524,0,train,O=C1NC(=O)C(N2CCc3ccccc32)=C1c1ccc(Cl)cc1
CHEMBL156563,1,train,CSc1ccc(NC2=C(c3ccccc3Cl)C(=O)NC2=O)cc1
CHEMBL156684,0,train,O=C1NC(=O)C(c2ccc(Cl)cc2)=C1Nc1ccc(O)c(Cl)c1
CHEMBL156801,0,train,CN(C1=C(c2cccc([N+](=O)[O-])c2)C(=O)NC1=O)c1ccccc1
CHEMBL156807,0,train,COc1ccc(C2=C(Nc3ccccc3)C(=O)NC2=O)cc1
CHEMBL156808,0,train,O=C1NC(=O)C(c2ccc(Cl)cc2)=C1Nc1ccc(O)cc1
CHEMBL156987,0,train,O=C1NC(=O)C(c2cccc(Cl)c2)=C1Nc1ccc(Cl)c(C(=O)O)c1
CHEMBL157089,0,train,COc1ccccc1C1=C(Nc2ccc(O)c(Cl)c2)C(=O)NC1=O
CHEMBL157141,0,train,O=C1NC(=O)C(c2ccccc2Cl)=C1Nc1ccc(O)c(Cl)c1
CHEMBL157258,0,train,O=C1NC(=O)C(c2ccccc2Cl)=C1Nc1cc(Cl)c(O)c(Cl)c1
CHEMBL157348,0,train,COc1cccc(C2=C(Nc3cc(Cl)c(O)c(Cl)c3)C(=O)NC2=O)c1
CHEMBL1580903,1,test,CCOC(=O)c1nnn(-c2nonc2N)c1CSc1ccc(C)cc1
CHEMBL158208,1,train,COc1ccc(C2=C(Nc3cccc(Cl)c3)C(=O)NC2=O)cc1
CHEMBL158526,0,train,COc1cccc(C2=C(Nc3ccc(SC)cc3)C(=O)NC2=O)c1
CHEMBL1585498,1,test,COC(=O)c1ccc(CSc2ccc3nnc(-c4ccc(OC)cc4)n3n2)o1
CHEMBL158559,0,train,O=C1NC(=O)C(c2cccc([N+](=O)[O-])c2)=C1Nc1cccc(O)c1
CHEMBL158719,0,train,O=C1NC(=O)C(N2CCc3ccccc32)=C1c1ccccc1[N+](=O)[O-]
CHEMBL158835,0,train,CSc1ccc(NC2=C(c3ccc([N+](=O)[O-])cc3)C(=O)NC2=O)cc1
CHEMBL158885,0,train,O=C1NC(=O)C(c2ccccc2[N+](=O)[O-])=C1Nc1cc(Cl)c(O)c(Cl)c1
CHEMBL159149,0,train,O=C1NC(=O)C(c2cccc([N+](=O)[O-])c2)=C1Nc1cccc(C(=O)O)c1
CHEMBL160231,0,train,COc1ccccc1C1=C(Nc2cccc(O)c2)C(=O)NC1=O
CHEMBL160251,0,train,O=C1NC(=O)C(c2ccccc2)=C1Nc1ccc(Cl)c(C(=O)O)c1
CHEMBL160333,0,train,O=C1NC(=O)C(c2cccc(Cl)c2)=C1Nc1ccc(O)c(Cl)c1
CHEMBL160373,0,train,COc1cccc(C2=C(Nc3cccc(O)c3)C(=O)NC2=O)c1
CHEMBL160585,1,train,COc1ccccc1C1=C(N2CCc3ccccc32)C(=O)NC1=O
CHEMBL160586,1,train,O=C1NC(=O)C(c2ccccc2[N+](=O)[O-])=C1Nc1ccc(Cl)c(C(=O)O)c1
CHEMBL160598,0,train,COc1ccc(C2=C(Nc3ccc(SC)cc3)C(=O)NC2=O)cc1
CHEMBL160743,0,train,CSc1ccc(NC2=C(c3cccc(Cl)c3)C(=O)NC2=O)cc1
CHEMBL160829,0,train,COc1ccc(C2=C(Nc3cccc(O)c3)C(=O)NC2=O)cc1
CHEMBL160876,0,train,O=C1NC(=O)C(c2ccc(Cl)cc2)=C1Nc1ccc(Cl)c(C(=O)O)c1
CHEMBL160937,0,train,O=C1NC(=O)C(c2ccccc2Cl)=C1Nc1cccc(O)c1
CHEMBL160938,0,train,O=C1NC(=O)C(c2ccc(Cl)cc2)=C1Nc1cccc(Cl)c1
CHEMBL160968,0,train,O=C1NC(=O)C(c2ccc(Cl)cc2)=C1Nc1ccccc1
CHEMBL1614701,0,train,Cn1cnc2c(F)c(Nc3ccc(Br)cc3Cl)c(C(=O)NOCCO)cc21
CHEMBL1614707,0,test,FC(F)(F)c1ccc(/C=C/c2nc(COc3ccc(CCCCn4ccnn4)cc3)co2)cc1
CHEMBL1614710,0,test,O=C(Nc1ccc(OC(F)(F)F)cc1)c1sccc1NCc1ccnc2ccccc12
CHEMBL1614713,0,test,c1cc(OCCN2CCCCC2)cc(-c2n[nH]c3ccc(-c4nnc[nH]4)cc23)c1
CHEMBL1614725,0,test,CC(C)(O)CC(=O)NCCn1ccc2ncnc(Nc3ccc(Oc4cccc(C(F)(F)F)c4)c(Cl)c3)c21
CHEMBL1614766,0,test,O=C(NOCCO)c1cc(CN2OCCCC2=O)c(F)c(F)c1Nc1ccc(I)cc1F
CHEMBL1615025,0,test,Cn1c(=O)c(F)c(Nc2ccc(I)cc2F)c2c(=O)n(C[C@@H](O)CO)cnc21
CHEMBL1645462,0,test,Cc1c(NC(=O)OC[C@@H]2COCCN2)cn2ncnc(Nc3ccc4c(cnn4Cc4cccc(F)c4)c3)c12
CHEMBL1667969,0,test,O=c1[nH]ccc2cc(OC3CCNCC3)ccc12
CHEMBL1668411,1,train,COc1cc(O)c2c(c1)/C=C/C[C@@H](O)[C@H](O)C(=O)/C=C\\C[C@H](C)OC2=O
CHEMBL1668418,0,train,COc1cc(O)c2c(c1)/C=C/CCCC(=O)/C=C/C[C@H](C)OC2=O
CHEMBL1668419,0,test,COc1cc(O)c2c(c1)CCCCCC(=O)/C=C/C[C@H](C)OC2=O
CHEMBL1700288,1,train,COC(=O)c1ccc(CSc2nnc(-c3ccncc3)o2)cc1
CHEMBL1731237,1,train,COc1ccc2nc3c(cc2c1)c(NC(=O)CC(C)C)nn3CC(C)C
CHEMBL1738757,0,test,CNC(=O)c1cc(Oc2ccc(NC(=O)Nc3cc(C(C)(C)C)nn3-c3ccc4ncccc4c3)c(F)c2)ccn1
CHEMBL1738797,0,test,CCc1cc2c(cc1N1CCC(N3CCOCC3)CC1)C(C)(C)c1[nH]c3cc(C#N)ccc3c1C2=O
CHEMBL1789941,0,test,N#CC[C@H](C1CCCC1)n1cc(-c2ncnc3[nH]ccc23)cn1
CHEMBL180022,0,test,CCOc1cc2ncc(C#N)c(Nc3ccc(OCc4ccccn4)c(Cl)c3)c2cc1NC(=O)/C=C/CN(C)C
CHEMBL1801204,0,train,COc1ccc(-c2ccc3c(N4CCOC[C@@H]4C)nc(N4CCOC[C@@H]4C)nc3n2)cc1CO
CHEMBL1802358,1,test,O=C1NC(Nc2ccccc2)=N/C1=C\\c1ccc2c(c1)OCO2
CHEMBL1822792,0,test,CN(C[C@@H]1COCCO1)S(=O)(=O)Nc1ccc2ccc3ncc(-c4cnn(C)c4)cc3c(=O)c2c1
CHEMBL1824332,0,test,COc1ccc(CNC(=O)Nc2nc3ccc(-c4nnn[nH]4)cc3s2)cc1
CHEMBL1824334,0,test,COc1ccc(CNC(=O)Nc2cc(-c3nnn[nH]3)ccn2)cc1
CHEMBL1824539,0,test,COc1ccc(CNC(=O)Nc2cc(C#N)ccn2)cc1
CHEMBL1824540,0,test,COc1ccc(CNC(=O)Nc2nc3ccc([N+](=O)[O-])cc3s2)cc1
CHEMBL1870845,1,test,O/N=C/c1cn(-c2ccccc2)nc1-c1cccnc1
CHEMBL1871132,1,test,Nc1nonc1-n1nnc(C(=O)N/N=C/c2ccccc2Cl)c1CN1CCOCC1
CHEMBL1873475,0,test,C=CC(=O)N1CCC[C@@H](n2nc(-c3ccc(Oc4ccccc4)cc3)c3c(N)ncnc32)C1
CHEMBL1878704,1,test,NC1=NC(=O)/C(=C\\c2ccc(-c3ccccc3[N+](=O)[O-])o2)S1
CHEMBL1879463,0,test,Cn1c(=O)n(-c2ccc(C(C)(C)C#N)cc2)c2c3cc(-c4cnc5ccccc5c4)ccc3ncc21
CHEMBL1881885,1,test,O=C1c2ccccc2-c2onc3ccc(NCCCN4CCNC4)c1c23
CHEMBL1884163,1,test,COc1cc(/C=N/Nc2ccc([N+](=O)[O-])cn2)cc(OC)c1O
CHEMBL1890348,1,test,CCCN(CCC)Cc1c(C(=O)N/N=C/c2ccoc2)nnn1-c1nonc1N
CHEMBL1895793,1,test,c1cncc(-c2nc(NCCCn3cccc3)c3ccccc3n2)c1
CHEMBL1896042,1,test,O/N=C/c1cn(-c2ccccc2)nc1-c1ccc2c(c1)OCCO2
CHEMBL1896181,1,test,Nc1nonc1-n1nnc(C(=O)N/N=C/c2ccccc2F)c1-c1cccs1
CHEMBL189963,0,test,CC(=O)c1c(C)c2cnc(Nc3ccc(N4CCNCC4)cn3)nc2n(C2CCCC2)c1=O
CHEMBL1903171,1,test,CN(C)Cc1c(C(=O)N/N=C/c2ccncc2)nnn1-c1nonc1N
CHEMBL1904855,1,test,CCOc1ccccc1/C=N/NC(=O)c1nnn(-c2nonc2N)c1CN1CCC(C)CC1
CHEMBL1905464,1,test,CCCCOC(=O)C1C(C)=Nc2ncnn2C1c1cccc(OC)c1OC
CHEMBL1908360,0,train,CO[C@H]1C[C@@H]2CC[C@@H](C)[C@@](O)(O2)C(=O)C(=O)N2CCCC[C@H]2C(=O)O[C@H]([C@H](C)C[C@@H]2CC[C@@H](OCCO)[C@H](OC)C2)CC(=O)[C@H](C)/C=C(\\C)[C@@H](O)[C@@H](OC)C(=O)[C@H](C)C[C@H](C)/C=C/C=C/C=C/1C
CHEMBL1908391,0,test,Cc1ccc(NC(=O)c2ccc(CN3CCN(C)CC3)cc2)cc1Nc1nc(-c2cccnc2)cs1
CHEMBL1908394,0,test,C[C@@H](Oc1cc(-n2cnc3ccc(CN4CCN(C)CC4)cc32)sc1C(N)=O)c1ccccc1C(F)(F)F
CHEMBL1908395,1,test,CN(C)CC(=O)N1CCC(c2ccc(NC(=O)c3nc(C#N)c[nH]3)c(C3=CCCCC3)c2)CC1.Cl
CHEMBL1908397,0,test,O=C(c1ccc(/C=C/c2n[nH]c3ccccc23)cc1)N1CCNCC1
CHEMBL191003,1,test,Nc1nc(Nc2ccc(S(N)(=O)=O)cc2)nn1C(=O)c1c(F)cccc1F
CHEMBL1922094,0,test,Cc1c(CN2CCN(C(=O)[C@H](C)O)CC2)sc2c(N3CCOCC3)nc(-c3cnc(N)nc3)nc12
CHEMBL1944698,1,test,CN1C/C=C/CCOc2cccc(c2)-c2ccnc(n2)Nc2cccc(c2)C1
CHEMBL1945950,1,test,CC(C)(O)c1ccc(-c2cnc3[nH]c(=O)n(CC4CCCCC4)c3n2)cc1
CHEMBL1946170,0,test,CNC(=O)c1cc(Oc2ccc(NC(=O)Nc3ccc(Cl)c(C(F)(F)F)c3)c(F)c2)ccn1
CHEMBL1946262,1,test,O=c1[nH]c2ncc(-c3ccc4[nH]cnc4c3)nc2n1CC1CCCCC1
CHEMBL1950289,0,test,O[C@H]1CC[C@H](Nc2ncc3nc(Nc4c(F)cc(F)cc4F)n([C@H]4CCOC4)c3n2)CC1
CHEMBL1952329,0,test,CN1CCC(CNc2ccc3ncc(-c4cccc(OC(F)(F)F)c4)n3n2)CC1
CHEMBL1956071,1,test,CCn1c(-c2nonc2N)nc2cncc(C(=O)N3CC[C@H](N)C3)c21
CHEMBL1976040,0,test,C=CCn1c(=O)c2cnc(Nc3ccc(N4CCN(C)CC4)cc3)nc2n1-c1cccc(C(C)(C)O)n1
CHEMBL1983111,0,test,CC(=O)NCC(=O)N1C2CCC1c1cc(Nc3ncc(C(F)(F)F)c(NC4CCC4)n3)ccc12
CHEMBL1983268,0,test,CN1CCN(c2ccc(C(=O)Nc3n[nH]c4ccc(Cc5cc(F)cc(F)c5)cc34)c(NC3CCOCC3)c2)CC1
CHEMBL1990583,1,test,Nc1ncnn2ccc(C(=O)Nc3ccc(NC(=O)Nc4cccc(F)c4)cc3)c12
CHEMBL2001019,0,test,OCCn1cc(-c2cnc3nnn(Cc4ccc5ncccc5c4)c3n2)cn1
CHEMBL2017974,0,test,Nc1cc(C(F)(F)F)c(-c2cc(N3CCOCC3)nc(N3CCOCC3)n2)cn1
CHEMBL2028663,0,test,CC(C)(C)c1nc(-c2cccc(NS(=O)(=O)c3c(F)cccc3F)c2F)c(-c2ccnc(N)n2)s1
CHEMBL2029988,0,test,COc1cc2ncnc(Oc3cccc(NC(=O)Nc4cc(C(C)(C)C(F)(F)F)on4)c3)c2cc1OC
CHEMBL2035187,1,test,C1=N/C2=N/c3ccc(OCCN4CCCC4)c(c3)COC/C=C/COCc3cccc(c3)C(=C1)N2
CHEMBL2041933,0,test,NC(=O)Nc1cc(-c2cccc(F)c2)sc1C(=O)N[C@H]1CCCNC1
CHEMBL2048872,0,test,N[C@@H]1CCCN(c2c(/C=C3\\SC(=O)NC3=O)cccc2-c2ccccc2)C1
CHEMBL2064515,1,train,N#Cc1ccc(-c2ccc(CSc3nnc(-c4ccc5c(c4)OCO5)o3)cc2)cc1
CHEMBL2064516,1,train,N#Cc1cccc(CSc2nnc(-c3ccc4c(c3)OCO4)o2)c1
CHEMBL2064517,1,train,N#Cc1ccc(CSc2nnc(-c3ccc4c(c3)OCO4)o2)cc1
CHEMBL2064518,1,train,N#Cc1cccc(CSc2nnc(-c3ccc4c(c3)OCCO4)o2)c1
CHEMBL2064519,1,train,N#Cc1ccc(CSc2nnc(-c3ccc4c(c3)OCCO4)o2)cc1
CHEMBL2064520,1,train,COC(=O)c1ccc(CSc2nnc(-c3ccc4c(c3)OCCO4)o2)cc1
CHEMBL2064521,1,train,N#Cc1cccc(CSc2nnc(-c3ccncc3)o2)c1
CHEMBL2064522,1,test,c1cc(-c2nnn[nH]2)ccc1CSc1nnc(-c2ccc3c(c2)OCO3)o1
CHEMBL2064531,1,train,c1ccc(-c2ccc(CSc3nnc(-c4ccc5c(c4)OCO5)o3)cc2)cc1
CHEMBL2064532,1,train,N#Cc1cc(F)ccc1-c1ccc(CSc2nnc(-c3ccc4c(c3)OCO4)o2)cc1
CHEMBL2064533,1,train,N#Cc1ccccc1-c1ccc(CSc2nnc(-c3ccc4c(c3)OCO4)o2)cc1
CHEMBL2064534,1,train,N#Cc1ccccc1-c1ccc(CSc2nnc(-c3ccc4c(c3)OCCO4)o2)cc1
CHEMBL2064535,1,train,N#Cc1cc(F)ccc1-c1ccc(CSc2nnc(-c3ccc4c(c3)OCCO4)o2)cc1
CHEMBL2064536,1,train,N#Cc1ccccc1-c1ccc(CSc2nnc(-c3ccncc3)o2)cc1
CHEMBL2064537,1,train,COCC1COc2ccc(-c3nnc(SCc4ccc(-c5ccccc5C#N)cc4)o3)cc2O1
CHEMBL2064538,1,train,COC[C@@H]1COc2ccc(-c3nnc(SCc4ccc(-c5ccccc5C#N)cc4)o3)cc2O1
CHEMBL2064539,1,train,COC[C@H]1COc2ccc(-c3nnc(SCc4ccc(-c5ccccc5C#N)cc4)o3)cc2O1
CHEMBL206834,0,test,Cc1ccc(NC(=O)c2ccc(CN3CC[C@H](N(C)C)C3)c(C(F)(F)F)c2)cc1Nc1nccc(-c2cncnc2)n1
CHEMBL2079588,0,test,CNC(=O)c1cc(COc2nnc(Nc3ccc(Cl)cc3)c3ccoc23)ccn1
CHEMBL2087361,0,test,C#Cc1cccc(Nc2ncnc3cc4c(cc23)OCCOCCOCCO4)c1
CHEMBL2103830,0,train,COc1cc(Nc2ncc(F)c(Nc3ccc4c(n3)N(COP(=O)(O)O)C(=O)C(C)(C)O4)n2)cc(OC)c1OC
CHEMBL2103839,0,train,CO[C@H]1C[C@@H]2CC[C@@H](C)[C@@](O)(O2)C(=O)C(=O)N2CCCC[C@H]2C(=O)O[C@H]([C@H](C)C[C@@H]2CC[C@@H](OP(C)(C)=O)[C@H](OC)C2)CC(=O)[C@H](C)/C=C(\\C)[C@@H](O)[C@@H](OC)C(=O)[C@H](C)C[C@H](C)/C=C/C=C/C=C/1C
CHEMBL2103840,1,test,CCc1cnn2c(NCc3ccc[n+]([O-])c3)cc(N3CCCC[C@H]3CCO)nc12
CHEMBL2103842,0,test,C[C@@H]1COC(Nc2ccc3ncnc(Nc4ccc(OCc5nccs5)c(Cl)c4)c3c2)=N1
CHEMBL2103851,0,test,S=C(NCc1ccc2c(c1)OCO2)N1CCN(c2ncnc3c2oc2ccccc23)CC1
CHEMBL2103875,0,test,CC(=O)Nc1cccc(-n2c(=O)n(C3CC3)c(=O)c3c(Nc4ccc(I)cc4F)n(C)c(=O)c(C)c32)c1
CHEMBL2103882,0,test,O=C1NC(=O)[C@@H](c2cn3c4c(cccc24)CCC3)[C@@H]1c1c[nH]c2ccccc12
CHEMBL2105717,0,test,COc1cc2nccc(Oc3ccc(NC(=O)C4(C(=O)Nc5ccc(F)cc5)CC4)cc3)c2cc1OC
CHEMBL2105728,0,test,CC1(COc2ccc3c(c2)ncn3-c2ccc3cccc(N4CCC(N)CC4)c3n2)COC1
CHEMBL2105759,0,test,CCS(=O)(=O)N1CC(CC#N)(n2cc(-c3ncnc4[nH]ccc34)cn2)C1
CHEMBL2107832,0,test,O=C(NC[C@H](O)CO)c1ccncc1Nc1ccc(I)cc1F
CHEMBL2110732,0,test,COc1cc2ncnc(Nc3ccc(F)c(Cl)c3)c2cc1NC(=O)/C=C/CN1CCCCC1
CHEMBL2133806,0,test,Cn1cc(-c2ccc3nnc(C(F)(F)c4ccc5ncccc5c4)n3n2)cn1
CHEMBL2138625,0,test,C=CC(=O)Nc1cc2c(Nc3ccc(F)c(Cl)c3)ncnc2cc1C#CC(C)(C)N1CCN(C)CC1
CHEMBL2140408,0,test,Cc1csc(-c2nnc(Nc3ccc(Oc4ncccc4-c4ccnc(N)n4)cc3)c3ccccc23)c1
CHEMBL2146883,0,test,O=C(c1ccc(F)c(F)c1Nc1ccc(I)cc1F)N1CC(O)([C@@H]2CCCCN2)C1
CHEMBL2158866,1,test,CCN(CC)S(=O)(=O)c1cc(Nc2nccc(-c3ccnc(-c4ccc(NC(=O)NC)cc4)c3)n2)ccc1Cl
CHEMBL2165191,0,test,Cc1cc([C@@H](C)Nc2ccccc2C(=O)O)c2nc(N3CCOCC3)cc(=O)n2c1
CHEMBL217092,0,test,CN1CCN(CCOc2cc(OC3CCOCC3)c3c(Nc4c(Cl)ccc5c4OCO5)ncnc3c2)CC1
CHEMBL2180604,0,test,Cc1cc(C(=O)Nc2cc(Oc3ccc4nc(NC(=O)C5CC5)cn4n3)ccc2C)n(C)n1
CHEMBL220241,1,test,CCn1c(-c2nonc2N)nc2cnc(Oc3cccc(NC(=O)c4ccc(OCCN5CCOCC5)cc4)c3)cc21
CHEMBL2205426,1,test,CC(C)(C)Nc1c(Nc2ccnc(Nc3ccc(-c4ccncc4)cc3)n2)c(=O)c1=O
CHEMBL2216870,0,test,CC[C@H](Nc1ncnc2[nH]cnc12)c1nc2cccc(F)c2c(=O)n1-c1ccccc1
CHEMBL2219422,0,test,Cn1ncc(Cl)c1-c1cc(C(=O)N[C@H](CN)Cc2cccc(F)c2)sc1Cl
CHEMBL2220486,0,test,CNC(=O)c1cccc2cc(Oc3ccnc4cc(OCC5(N)CC5)c(OC)cc34)ccc12
CHEMBL230011,0,test,Nc1nc(N)c2nc(-c3cccc(O)c3)c(-c3cccc(O)c3)nc2n1
CHEMBL2313821,0,train,N#Cc1c(N)nc2sc(C(=O)c3ccc(Cl)cc3)c(N)c2c1-c1ccccc1I
CHEMBL2313844,0,train,N#Cc1c(N)nc2sc(C(=O)c3cccc(Cl)c3)c(N)c2c1-c1ccccc1I
CHEMBL2313850,0,train,N#Cc1c(N)nc2sc(C(=O)c3cccc(Cl)c3)c(N)c2c1-c1ccccc1Br
CHEMBL2313853,0,train,N#Cc1c(N)nc2sc(C(=O)c3cccc(Cl)c3)c(N)c2c1-c1ccccc1Cl
CHEMBL2314101,0,train,N#Cc1cccc(C(=O)c2sc3nc(N)c(C#N)c(-c4ccccc4Cl)c3c2N)c1
CHEMBL2314102,0,train,COc1ccccc1-c1c(C#N)c(N)nc2sc(C(=O)c3ccccc3)c(N)c12
CHEMBL2323775,0,test,Cn1cc(-c2cnc3ccc4ccc(CS(=O)(=O)NCc5ccccn5)cc4c(=O)c3c2)cn1
CHEMBL2325741,0,test,NC1(C(=O)N[C@@H](CCO)c2ccc(Cl)cc2)CCN(c2nc[nH]c3nccc2-3)CC1
CHEMBL2336325,0,train,CNC(=O)c1cccc(-c2ccc3c(N4CCOC[C@@H]4C)nc(N4CCOC[C@@H]4C)nc3n2)c1
CHEMBL2348350,1,test,CN(C)C(=O)c1ccc(N2CCCN(c3ccnc4sc(C(N)=O)c(N)c34)CC2)cc1
CHEMBL2364611,0,test,Cc1cccc(-c2nn3c(c2-c2ccnc4ccc(C(N)=O)cc24)CCC3)n1
CHEMBL2376648,0,test,C[C@@H](Oc1cc(C(=O)Nc2ccc(C(=O)N3CCN(C)CC3)cc2)nnc1N)c1c(Cl)ccc(F)c1Cl
CHEMBL2386747,1,train,COC(=N)c1nc2ccc3ncnc(Nc4ccc(Cl)cc4Cl)c3c2s1
CHEMBL2386889,0,test,Cn1cc(-c2cnn3c(N)c(Br)c([C@@H]4CCCNC4)nc23)cn1
CHEMBL2390958,1,train,N#Cc1ccc(-c2ccc(CSc3nnc(-c4ccncc4)o3)cc2)cc1
CHEMBL2391098,1,train,N#Cc1cc(F)ccc1-c1ccc(CSc2nnc(-c3ccncc3)o2)cc1
CHEMBL2391099,1,train,c1ccc(-c2ccc(CSc3nnc(-c4ccncc4)o3)cc2)cc1
CHEMBL2391100,1,train,CC(=O)Nc1cc(-c2nnc(SCc3ccccc3)o2)ccn1
CHEMBL2391101,1,train,CC(=O)Nc1cc(-c2nnc(SCc3cccc(C#N)c3)o2)ccn1
CHEMBL2391102,1,train,CC(=O)Nc1cc(-c2nnc(SCc3ccc(-c4ccccc4C#N)cc3)o2)ccn1
CHEMBL2391117,1,train,Fc1cc(F)cc(-c2ccc(CSc3nnc(-c4ccc5c(c4)OCO5)o3)cc2)c1
CHEMBL2391118,1,train,COc1ccc(-c2ccc(CSc3nnc(-c4ccc5c(c4)OCO5)o3)cc2)c(C#N)c1
CHEMBL2391119,1,train,COc1ccc(-c2ccc(CSc3nnc(-c4ccc5c(c4)OCO5)o3)cc2)cc1
CHEMBL2391120,1,train,O=[N+]([O-])c1cccc(-c2ccc(CSc3nnc(-c4ccc5c(c4)OCO5)o3)cc2)c1
CHEMBL2391121,1,train,N#Cc1cccc(-c2ccc(CSc3nnc(-c4ccc5c(c4)OCO5)o3)cc2)c1
CHEMBL2391122,1,train,O=[N+]([O-])c1ccccc1-c1ccc(CSc2nnc(-c3ccc4c(c3)OCO4)o2)cc1
CHEMBL2391123,1,train,c1ccc(-c2ccc(CSc3nnc(-c4ccc5c(c4)OCCO5)o3)cc2)cc1
CHEMBL2391124,1,train,Fc1cc(F)cc(-c2ccc(CSc3nnc(-c4ccc5c(c4)OCCO5)o3)cc2)c1
CHEMBL2391125,1,train,COc1ccc(-c2ccc(CSc3nnc(-c4ccc5c(c4)OCCO5)o3)cc2)c(C#N)c1
CHEMBL2391126,1,train,COc1ccc(-c2ccc(CSc3nnc(-c4ccc5c(c4)OCCO5)o3)cc2)cc1
CHEMBL2391127,1,train,N#Cc1ccc(-c2ccc(CSc3nnc(-c4ccc5c(c4)OCCO5)o3)cc2)cc1
CHEMBL2391128,1,train,O=[N+]([O-])c1cccc(-c2ccc(CSc3nnc(-c4ccc5c(c4)OCCO5)o3)cc2)c1
CHEMBL2391129,1,train,O=[N+]([O-])c1ccccc1-c1ccc(CSc2nnc(-c3ccc4c(c3)OCCO4)o2)cc1
CHEMBL2391130,1,train,N#Cc1cccc(-c2ccc(CSc3nnc(-c4ccc5c(c4)OCCO5)o3)cc2)c1
CHEMBL2391131,1,train,COc1ccc(-c2ccc(CSc3nnc(-c4ccncc4)o3)cc2)cc1
CHEMBL2391132,1,train,N#Cc1cccc(-c2ccc(CSc3nnc(-c4ccncc4)o3)cc2)c1
CHEMBL2391133,1,train,O=[N+]([O-])c1ccccc1-c1ccc(CSc2nnc(-c3ccncc3)o2)cc1
CHEMBL2396661,0,test,Cc1nc(NC(=O)N2CCC[C@H]2C(N)=O)sc1-c1ccnc(C(C)(C)C(F)(F)F)c1
CHEMBL2403108,0,test,Cc1cc(Nc2ncc(Cl)c(Nc3ccccc3S(=O)(=O)C(C)C)n2)c(OC(C)C)cc1C1CCNCC1
CHEMBL2408045,0,train,CNC(=O)CN1CCC(Oc2cc3c(Nc4cccc(Cl)c4F)ncnc3cc2OC)CC1
CHEMBL2425628,1,test,CS(=O)(=O)CCCOc1cccc2c1ccn2-c1ccnc(N[C@H]2CC[C@H](C(=O)N3CCC(O)CC3)CC2)n1
CHEMBL248757,1,test,N#Cc1ncc2nc1OCCCCOc1cc(NCc3cncs3)c(Cl)cc1NC(=O)N2
CHEMBL253533,1,train,COc1nn(-c2ccccc2)c2nc(Nc3ccc(C(=O)O)cc3)ncc12
CHEMBL253740,1,train,O=C(O)c1ccc(Nc2ncc3c(Cl)nn(-c4ccccc4)c3n2)cc1
CHEMBL253748,1,train,O=C(O)c1ccc(Nc2ncc([N+](=O)[O-])c(NC34CC5CC(CC(C5)C3)C4)n2)cc1
CHEMBL253956,1,validation,O=C1OC(Nc2ncc3nnn(-c4ccccc4)c3n2)c2ccccc21
CHEMBL253969,0,validation,NC(=O)c1c(OCc2c(F)cc(Br)cc2F)nsc1NC(=O)NCCCCN1CCCC1
CHEMBL254155,1,validation,OC12CC3CC(C1)CC(n1nnc4cnc(N[C@H]5CC[C@H](O)CC5)nc41)(C3)C2
CHEMBL254350,1,train,O=C(O)COc1ccc(Nc2ncc3nnn(C45CC6CC(CC(O)(C6)C4)C5)c3n2)cc1
CHEMBL254587,1,train,OC12CC3CC(C1)CC(Nc1nc(N[C@H]4CC[C@H](O)CC4)ncc1F)(C3)C2
CHEMBL255735,1,train,O=C(O)/C=C\\c1ccc(Nc2ncc3nnn(-c4ccccc4)c3n2)cc1
CHEMBL255863,0,validation,Cc1cn(-c2cc(NC(=O)c3ccc(C)c(Nc4nccc(-c5cccnc5)n4)c3)cc(C(F)(F)F)c2)cn1
CHEMBL255905,1,train,OC12CC3CC(C1)CC(Nc1nc(N[C@H]4CC[C@H](O)CC4)ncc1C(F)(F)F)(C3)C2
CHEMBL255948,1,validation,O[C@H]1CC[C@H](Nc2ncc3nnn(-c4ccccc4)c3n2)CC1
CHEMBL256306,1,train,O=C(O)c1ccc(Nc2ncc(C(F)(F)F)c(Nc3ccccc3)n2)cc1
CHEMBL256307,1,train,O=C(O)c1ccc(Nc2ncc(F)c(Nc3ccccc3)n2)cc1
CHEMBL256517,1,validation,O=[N+]([O-])c1cnc(N[C@H]2CC[C@H](O)CC2)nc1Nc1ccccc1
CHEMBL256518,1,train,c1ccc(Nc2ncc3nnn(-c4ccccc4)c3n2)cc1
CHEMBL256987,1,validation,O=C(O)c1ccc(Nc2ncc(-c3ccncc3)c(Nc3ccccc3)n2)cc1
CHEMBL257188,1,train,O=C(O)c1ccc(Nc2ncc([N+](=O)[O-])c(Nc3ccccc3)n2)cc1
CHEMBL257370,1,train,OC12CC3CC(C1)CC(Nc1nc(N[C@H]4CC[C@H](O)CC4)ncc1Cl)(C3)C2
CHEMBL257575,1,train,O=C(O)c1ccc(Nc2ncc3nnn(C45CC6CC(CC(O)(C6)C4)C5)c3n2)cc1
CHEMBL257577,1,train,O=C(O)c1ccc(Nc2ncc3nnn(C45CC6CC(CC(C6)C4)C5)c3n2)cc1
CHEMBL258483,1,validation,O=C(Nc1n[nH]c2ncc(-c3ccccc3)cc12)C1CCCC1
CHEMBL258701,1,train,CCCC(=O)Nc1n[nH]c2ncc(-c3ccccc3)cc12
CHEMBL259270,1,train,O=C(Nc1n[nH]c2nc(-c3ccccc3)c(Br)cc12)C1CC1
CHEMBL259271,1,validation,CCN1CCN(CCCCC(=O)Nc2n[nH]c3nnc(-c4ccccc4)cc23)CC1
CHEMBL259744,1,train,CN(C)CCCC(=O)Nc1n[nH]c2nnc(-c3ccccc3)cc12
CHEMBL259838,1,train,O=C(Nc1n[nH]c2nc(-c3ccc(O)c(Cl)c3)ccc12)C1CC1
CHEMBL259850,0,validation,COc1ccc(CNC(=O)Nc2ncc([N+](=O)[O-])s2)cc1
CHEMBL259925,1,train,Nc1n[nH]c2cnc(-c3ccccc3)cc12
CHEMBL260135,1,train,Nc1n[nH]c2nnc(-c3ccccc3)c(-c3ccccc3)c12
CHEMBL260163,1,train,O=C(Nc1n[nH]c2cc(-c3ccc(O)cc3)ccc12)C1CC1
CHEMBL260231,1,validation,O=C(Nc1n[nH]c2nc(-c3cccs3)c(Br)cc12)C1CC1
CHEMBL260243,1,validation,O=C(Nc1n[nH]c2cc(-c3ccoc3)ccc12)C1CC1
CHEMBL260329,1,validation,CCCC(=O)Nc1n[nH]c2ncc(-c3cccc4ccccc34)cc12
CHEMBL260344,1,train,O=C(Nc1n[nH]c2nc(-c3ccccc3)ccc12)C1CC1
CHEMBL260345,1,train,O=C(Nc1n[nH]c2nc(-c3ccc(O)c(O)c3)ccc12)C1CC1
CHEMBL260416,1,train,O=C(Nc1n[nH]c2nc(-c3ccc(O)c(Br)c3)ccc12)C1CC1
CHEMBL260417,1,train,O=C(Nc1n[nH]c2nc(-c3ccc(O)cc3)c(Br)cc12)C1CC1
CHEMBL260662,1,train,Cc1cc2c(NC(=O)C3CC3)n[nH]c2nc1-c1ccc(O)cc1
CHEMBL260663,1,train,O=C(Nc1n[nH]c2nc(-c3ccccc3O)ccc12)C1CC1
CHEMBL260664,1,train,O=C(Nc1n[nH]c2nc(-c3ccc(O)cc3)c(Cl)cc12)C1CC1
CHEMBL260928,1,validation,O=C(Nc1n[nH]c2cc(-c3ccsc3)ccc12)C1CC1
CHEMBL260929,1,validation,O=C(Nc1n[nH]c2cc(-c3ccc[nH]3)ccc12)C1CC1
CHEMBL261052,1,validation,CCCC(=O)Nc1n[nH]c2ncc(-c3ccc(-c4ccccc4)cc3)cc12
CHEMBL261127,1,train,CCCC(=O)Nc1n[nH]c2nnc(-c3ccccc3)c(-c3ccccc3)c12
CHEMBL261129,1,train,CN1CCC(C(=O)Nc2n[nH]c3nc(-c4ccc(O)cc4)c(Br)cc23)CC1
CHEMBL261264,1,validation,CCCC(=O)Nc1n[nH]c2ncc(-c3ccncc3)cc12
CHEMBL261366,1,validation,CCCC(=O)Nc1n[nH]c2ccc(-c3ccccc3)cc12
CHEMBL261439,1,train,Nc1n[nH]c2ncc(-c3ccccc3)cc12
CHEMBL261441,1,validation,O=C(CCCN1CCCC1)Nc1n[nH]c2nnc(-c3ccccc3)cc12
CHEMBL261518,1,validation,O=C(CCCN1CCOCC1)Nc1n[nH]c2nnc(-c3ccccc3)cc12
CHEMBL261549,1,train,CCCC(=O)Nc1n[nH]c2cnc(-c3ccccc3)cc12
CHEMBL261596,1,train,CC(C)C(=O)Nc1n[nH]c2ncc(-c3ccccc3)cc12
CHEMBL261659,1,validation,O=C(Nc1n[nH]c2cc(-c3ccc4[nH]ccc4c3)ccc12)C1CC1
CHEMBL261660,1,train,O=C(Nc1n[nH]c2cc(-c3cccc(F)c3)ccc12)C1CC1
CHEMBL261661,1,validation,CCCC(=O)Nc1n[nH]c2cnc(-c3ccccc3)nc12
CHEMBL261690,1,validation,O=C(Nc1n[nH]c2nc(-c3nccs3)c(Br)cc12)C1CC1
CHEMBL261881,1,train,N#Cc1cc2c(NC(=O)C3CC3)n[nH]c2nc1-c1ccccc1
CHEMBL261882,1,train,CN1CCC(C(=O)Nc2n[nH]c3nc(-c4ccccc4)c(Br)cc23)CC1
CHEMBL261883,1,train,O=C(Nc1n[nH]c2nc(-c3ccccc3)c(Cl)cc12)C1CC1
CHEMBL263907,1,train,CCCC(=O)Nc1n[nH]c2ncc(-c3cccc(F)c3)cc12
CHEMBL264161,1,train,CCCC(=O)Nc1n[nH]c2ncc(-c3cccc(F)c3F)cc12
CHEMBL264162,1,validation,CCCC(=O)Nc1n[nH]c2ncc(B3OC(C)(C)C(C)(C)O3)cc12
CHEMBL270995,0,train,Cc1cc2c(F)c(Oc3ncnn4cc(OC[C@@H](C)OC(=O)[C@H](C)N)c(C)c34)ccc2[nH]1
CHEMBL274654,0,validation,Cc1[nH]c(/C=C2\\C(=O)Nc3ccccc32)c(C)c1CCC(=O)O
CHEMBL281948,0,train,COC(=O)[C@@]1(O)C[C@H]2O[C@]1(C)n1c3ccccc3c3c4c(c5c6ccccc6n2c5c31)C(=O)NC4
CHEMBL283120,0,validation,COc1cc([C@@H]2c3cc4c(cc3[C@H](O)[C@H]3COC(=O)[C@@H]23)OCO4)cc(OC)c1OC
CHEMBL287731,1,train,CS(=O)(=O)Nc1n[nH]c2ncc(-c3ccccc3)cc12
CHEMBL288064,1,train,Ic1cccc(CSc2nnc(-c3ccncc3)o2)c1
CHEMBL288143,1,train,CCCC(=O)Nc1n[nH]c2nnc(-c3ccccc3)cc12
CHEMBL288441,0,validation,COc1cc(Nc2c(C#N)cnc3cc(OCCCN4CCN(C)CC4)c(OC)cc23)c(Cl)cc1Cl
CHEMBL288448,1,train,CC(=O)Nc1n[nH]c2ncc(-c3ccccc3)cc12
CHEMBL296468,1,validation,CC(C)(C)c1cnc(CSc2cnc(NC(=O)C3CCNCC3)s2)o1
CHEMBL296682,1,validation,Nc1nccc(-c2c[nH]c3c(Br)ccc(O)c23)n1
CHEMBL300138,1,validation,Cn1cc(C2=C(c3cn(C4CCN(Cc5ccccn5)CC4)c4ccccc34)C(=O)NC2=O)c2ccccc21
CHEMBL303926,1,train,Fc1ccc(/C=N/Nc2ncnc3c2cnn3-c2ccccc2)cc1
CHEMBL3039513,0,validation,CC[C@@](C)(Nc1ccnc(-c2c[nH]c3ncccc23)n1)C(=O)NCC(F)(F)F
CHEMBL3039517,0,validation,Cc1cnc(NC(=O)Nc2cc(Br)c(C)cc2OC[C@@H]2CNCCO2)cn1
CHEMBL3039525,0,validation,CN1CCN(C2CCN(C(=O)Nc3cc(Oc4ccc(NC(=O)C5(C(=O)Nc6ccc(F)cc6)CC5)c(F)c4)ccn3)CC2)CC1
CHEMBL3091673,1,validation,COc1cc2c(cc1OC)CN(CC(=O)Nc1ccc3c(c1)/C(=C/c1cnc[nH]1)C(=O)N3)CC2
CHEMBL3109738,0,validation,COc1cc2ncnc3c2cc1OCCCCCN(C)Cc1ccc(Br)cc1N3
CHEMBL3120215,0,validation,COc1cccc2cc(-c3nc([C@H]4CC[C@H](C(=O)O)CC4)n4ncnc(N)c34)[nH]c12
CHEMBL3128043,1,validation,Cc1nc(Nc2n[nH]c3c2CN(C(=O)N[C@H](CN(C)C)c2ccccc2)C3(C)C)c2sccc2n1
CHEMBL3137331,1,validation,CNC(=O)c1ccc(Nc2ncc(C(F)(F)F)c(NCc3nccnc3N(C)S(C)(=O)=O)n2)cc1
CHEMBL3137336,0,validation,Cn1ncc(Cl)c1-c1cc(C(=O)N[C@H](CN)Cc2ccc(F)c(F)c2)oc1Cl
CHEMBL317657,1,validation,O=C(Nc1n[nH]c2nc(-c3ccco3)c(Br)cc12)C1CCN(Cc2ccccc2)C1
CHEMBL3182444,0,validation,O=C(O)C1(Cc2cccc(Nc3nccs3)n2)CCC(Oc2cccc(Cl)c2F)CC1
CHEMBL3182621,0,validation,Cc1cc(C(=O)NOCCO)c(Nc2ccc(I)cc2F)n(C)c1=O
CHEMBL3184679,0,validation,COc1cc(CCc2cc(NC(=O)c3ccc(N4CC(C)NC(C)C4)cc3)n[nH]2)cc(OC)c1
CHEMBL3185148,1,validation,Nc1nc(NCCNc2ncc(-n3ccnc3)c(-c3ccc(Cl)cc3Cl)n2)ccc1[N+](=O)[O-]
CHEMBL318522,1,validation,O=C(Nc1n[nH]c2cc(-c3cccs3)ccc12)C1CC1
CHEMBL3186534,0,validation,N#CC1(c2ccc(NC(=O)c3cccnc3NCc3ccncc3)cc2)CCCC1
CHEMBL3187723,0,train,Cn1cnc2c(F)c(Nc3ccc(Br)cc3F)c(C(=O)NOCCO)cc21
CHEMBL3188267,0,validation,CNC(=O)c1ccc(-c2cnc3ncc(Cc4ccc5ncccc5c4)n3n2)cc1F
CHEMBL3188551,0,validation,Cc1c(Cn2c(C)nc3c(C(=O)O)cc(N4CCOCC4)cc32)cccc1C(F)(F)F
CHEMBL3218575,0,validation,Cc1ccc(S(=O)(=O)Nc2nc3ccccc3nc2Nc2ccc3nsnc3c2)cc1
CHEMBL3218576,0,validation,COc1c(OCCCN2CCOCC2)ccc2c1N=C(NC(=O)c1cnc(N)nc1)N1CCN=C21
CHEMBL3218578,1,validation,COc1ccc(-c2ccc3ncc4c(c3c2)n(-c2ccc(N3CCNCC3)c(C(F)(F)F)c2)c(=O)n4C)cn1
CHEMBL322970,1,train,O=C1NC(=O)C(c2ccccc2[N+](=O)[O-])=C1Nc1ccc(O)c(Cl)c1
CHEMBL3264002,0,validation,CNS(=O)(=O)Nc1nccc(Cc2c(C)c3ccc(Oc4ncccn4)cc3oc2=O)c1F
CHEMBL3301607,0,validation,O=C(Nc1nc2cccc(-c3ccc(CN4CCS(=O)(=O)CC4)cc3)n2n1)C1CC1
CHEMBL3301610,1,validation,CCN1CCN(Cc2ccc(Nc3ncc(F)c(-c4cc(F)c5nc(C)n(C(C)C)c5c4)n3)nc2)CC1
CHEMBL3301612,1,validation,COC(=O)N[C@@H](C)CNc1nccc(-c2cn(C(C)C)nc2-c2cc(Cl)cc(NS(C)(=O)=O)c2F)n1
CHEMBL3301622,0,validation,CCc1nc(C(N)=O)c(Nc2ccc(N3CCC(N4CCN(C)CC4)CC3)c(OC)c2)nc1NC1CCOCC1
CHEMBL3334567,0,validation,C[C@@H](c1ccc2nccn2c1)n1nnc2ncc(-c3cnn(C)c3)nc21
CHEMBL3348923,0,validation,C[C@@H](NC(=O)c1ncnc(N)c1Cl)c1ncc(C(=O)Nc2cc(C(F)(F)F)c(Cl)cn2)s1
CHEMBL3353410,0,validation,C=CC(=O)Nc1cc(Nc2nccc(-c3cn(C)c4ccccc34)n2)c(OC)cc1N(C)CCN(C)C
CHEMBL3402762,0,validation,CN1CCC(COc2cnc(-c3cccc(Cn4nc(-c5cccc(C#N)c5)ccc4=O)c3)nc2)CC1
CHEMBL3408213,1,validation,Cn1cc(-c2ccc(-c3cncc(Cl)c3N3CCC4(CCNC4=O)CC3)cc2)cn1
CHEMBL3408248,0,validation,C[C@@H](Nc1cc(F)cc(F)c1)c1cc(C(=O)N(C)C)cc2c(=O)cc(N3CCOCC3)oc12
CHEMBL3426621,0,train,C[C@H]1CNCCCN1S(=O)(=O)c1cccc2cncc(F)c12
CHEMBL3437678,1,validation,CN1C(=N)NC(=O)/C1=C\\c1ccc(-c2ccc(F)cc2)o1
CHEMBL345212,0,train,O=C1NC(=O)C(c2ccccc2Cl)=C1Nc1ccc(Cl)c(C(=O)O)c1
CHEMBL345348,0,train,O=C1NC(=O)C(c2cccc([N+](=O)[O-])c2)=C1Nc1ccc(O)c(Cl)c1
CHEMBL345364,0,train,O=C1NC(=O)C(c2cccc(Cl)c2)=C1Nc1cccc(C(=O)O)c1
CHEMBL345800,0,train,COc1ccccc1C1=C(Nc2cc(Cl)c(O)c(Cl)c2)C(=O)NC1=O
CHEMBL345801,0,train,O=C1NC(=O)C(c2cccc([N+](=O)[O-])c2)=C1Nc1cccc(Cl)c1
CHEMBL346066,0,train,O=C1NC(=O)C(c2ccccc2[N+](=O)[O-])=C1Nc1cccc(Cl)c1
CHEMBL346107,0,train,O=C1NC(=O)C(N2CCc3ccccc32)=C1c1cccc(Cl)c1
CHEMBL346371,0,train,O=C1NC(=O)C(c2cccc([N+](=O)[O-])c2)=C1Nc1ccccc1
CHEMBL346493,0,train,COc1cccc(C2=C(Nc3cccc(C(=O)O)c3)C(=O)NC2=O)c1
CHEMBL346551,0,train,O=C1NC(=O)C(c2ccccc2)=C1Nc1ccccc1
CHEMBL346721,0,train,COc1ccc(C2=C(Nc3cc(Cl)c(O)c(Cl)c3)C(=O)NC2=O)cc1
CHEMBL346829,0,train,COc1cccc(C2=C(Nc3cccc(Cl)c3)C(=O)NC2=O)c1
CHEMBL346996,0,train,CSc1ccc(NC2=C(c3cccc([N+](=O)[O-])c3)C(=O)NC2=O)cc1
CHEMBL347134,0,train,O=C1NC(=O)C(c2ccc(Cl)cc2)=C1Nc1cc(Cl)c(O)c(Cl)c1
CHEMBL347419,0,train,O=C1NC(=O)C(c2ccc(Cl)cc2)=C1Nc1cccc(O)c1
CHEMBL347580,0,train,COc1ccc(C2=C(N3CCc4ccccc43)C(=O)NC2=O)cc1
CHEMBL347632,0,train,O=C1NC(=O)C(c2ccc(Cl)cc2)=C1Nc1cccc(C(=O)O)c1
CHEMBL347647,0,train,O=C1NC(=O)C(c2ccccc2Cl)=C1Nc1ccccc1
CHEMBL347681,0,train,O=C1NC(=O)C(c2ccc([N+](=O)[O-])cc2)=C1Nc1cc(Cl)c(O)c(Cl)c1
CHEMBL347857,0,train,O=C1NC(=O)C(c2ccccc2)=C1Nc1cc(Cl)c(O)c(Cl)c1
CHEMBL348505,0,train,O=C1NC(=O)C(c2ccccc2)=C1Nc1cccc(C(=O)O)c1
CHEMBL349540,0,train,COc1ccccc1C1=C(Nc2ccc(SC)cc2)C(=O)NC1=O
CHEMBL349810,0,train,COc1cccc(C2=C(Nc3ccc(Cl)c(C(=O)O)c3)C(=O)NC2=O)c1
CHEMBL350435,0,train,O=C1NC(=O)C(c2ccccc2)=C1Nc1cccc(O)c1
CHEMBL350702,0,train,O=C1NC(=O)C(c2ccccc2Cl)=C1Nc1cccc(C(=O)O)c1
CHEMBL351334,0,train,CN(C1=C(c2ccccc2)C(=O)NC1=O)c1ccccc1
CHEMBL351342,0,train,CSc1ccc(NC2=C(c3ccc(Cl)cc3)C(=O)NC2=O)cc1
CHEMBL351356,0,train,O=C1NC(=O)C(c2ccccc2)=C1Nc1cccc(Cl)c1
CHEMBL351801,0,train,O=C1NC(=O)C(c2cccc(Cl)c2)=C1Nc1cccc(O)c1
CHEMBL352222,0,train,O=C1NC(=O)C(c2cccc([N+](=O)[O-])c2)=C1Nc1cc(Cl)c(O)c(Cl)c1
CHEMBL3544932,0,validation,CCS(=O)(=O)c1cccc(-c2cc(C(=O)NC3CCN(C)CC3)c(C)c3[nH]c4ncc(C)cc4c23)c1
CHEMBL3544944,0,validation,O=c1[nH]c(C2CCCN2)nc2c1oc1ccc(Cl)cc12
CHEMBL3544960,0,validation,NC[C@@](O)(c1ccc(Cl)cc1)c1ccc(-c2cn[nH]c2)cc1
CHEMBL3544964,1,validation,Cn1nccc1Nc1nccc(-c2ccn([C@H](CO)c3ccc(Cl)c(F)c3)c(=O)c2)n1
CHEMBL3544966,0,validation,O=C1NC(=O)/C(=C/c2ccc3nccc(-c4ccncc4)c3c2)S1
CHEMBL3544983,0,validation,COc1cc2c(Nc3ccc(Cl)c(Cl)c3F)ncnc2cc1OC[C@@H]1C[C@@H]2CN(C)C[C@@H]2C1
CHEMBL3545076,0,validation,Cn1cc(-c2ccc(F)c(C(F)(F)F)c2)nc1C1CCN(c2ncnc3[nH]ncc23)CC1
CHEMBL3545083,1,validation,COCCN1CCN(Cc2ccc(-c3n[nH]c4c3C(=O)c3c(NC(=O)NN5CCOCC5)cccc3-4)cc2)CC1
CHEMBL3545085,0,validation,CC(C)c1cc(CNc2nc(Nc3cc(C4CC4)[nH]n3)cc(N3CCN(C)CC3)n2)on1
CHEMBL3545110,0,validation,CN(C)C(=O)c1cc2cnc(Nc3ccc(N4CCNCC4)cn3)nc2n1C1CCCC1
CHEMBL3545137,0,validation,Cn1cc(C2=Nc3cc(NC(=O)C(N)C4CCCCC4)cc4c3C2=CNNC4=O)cn1
CHEMBL3545154,0,train,C=CC(=O)N1CCC(Oc2cc3c(Nc4ccc(Cl)c(Cl)c4F)ncnc3cc2OC)CC1
CHEMBL3545157,0,validation,O=c1sn(-c2cccc3ccccc23)c(=O)n1Cc1ccccc1
CHEMBL3545215,0,validation,CCn1c(C(=O)N(C2CC2)C2CC2)cc2c3c(ncn3C)c(Nc3cc(C)n(C)n3)nc21
CHEMBL3545307,0,validation,Cc1ccc(C(=O)Nc2ccc(Oc3cc4cnn(C)c4cc3-c3cn[nH]c3)c(F)c2)c(=O)n1-c1ccc(F)cc1
CHEMBL3545308,0,validation,C=CC(=O)Nc1cccc(Nc2nc(Nc3ccc(N4CCN(C(C)=O)CC4)cc3OC)ncc2C(F)(F)F)c1
CHEMBL3545328,0,validation,O=C(Nc1ccc(-c2ccnc(Nc3ccc(N4CCOCC4)cc3)n2)cc1)C1CCCN1
CHEMBL3545360,0,validation,COc1cc(N2CCC(N3CCN(C)CC3)CC2)ccc1Nc1ncnc(Nc2ccccc2S(=O)(=O)C(C)C)n1
CHEMBL3545366,0,validation,CCn1c(=O)c(-c2cc[nH]n2)cc2c(C)nc(N)nc21
CHEMBL3545396,0,validation,COc1cccc(Nc2ncnn3ccc(CN4CC[C@@H](N)[C@H](O)C4)c23)c1
CHEMBL3582401,1,train,[11CH3]n1cc(C2=C(c3ccc(Cl)cc3Cl)C(=O)NC2=O)c2ccccc21
CHEMBL3590106,0,validation,CC(C)Nc1cc(-c2c[nH]c(C(=O)N[C@H](CO)c3cccc(Cl)c3)c2)c(Cl)cn1
CHEMBL362558,1,validation,O=C1NC(=O)C(c2cnc3ccccn23)=C1c1cn2c3c(cc(F)cc13)CN(C(=O)N1CCCCC1)CC2
CHEMBL3632824,1,train,NC(=O)c1cc(F)ccc1-c1ccc(CSc2nnc(-c3ccc4c(c3)OCCO4)o2)cc1
CHEMBL3652540,1,train,Cc1nc(C2CCCCC2)nc(Nc2n[nH]c3ncc(F)cc23)c1C
CHEMBL3652541,1,validation,Cc1nc(Nc2n[nH]c3ncc(F)cc23)cc(C2CCC(F)(F)CC2)n1
CHEMBL3652542,1,train,Cc1nc(C2CCOCC2)nc(Nc2n[nH]c3ncc(F)cc23)c1C
CHEMBL3652543,1,validation,Cc1cc(Nc2n[nH]c3ncc(F)cc23)nc(C2CCCCCC2)n1
CHEMBL3652544,1,validation,Cc1cc(Nc2n[nH]c3ncc(F)cc23)nc(C2CCCC2)n1
CHEMBL3652545,1,train,Cc1cc(Nc2n[nH]c3ncc(F)cc23)nc(C2CCCCC2)n1
CHEMBL3652546,1,validation,Cc1cc(Nc2n[nH]c3ccc(F)cc23)nc(C2CCOCC2)n1
CHEMBL3652547,1,train,Cc1cc(Nc2n[nH]c3ncc(F)cc23)nc(C2CCOCC2)n1
CHEMBL3652548,1,train,Cc1cc(Nc2n[nH]c3ncc(F)cc23)nc([C@H]2CCCC[C@@H]2C)n1
CHEMBL3652549,1,validation,Cc1cc(Nc2c[nH]c3ncc(F)cc23)nc(C23CC4CC(CC(C4)C2)C3)n1
CHEMBL3652550,1,train,CC(C)(O)c1cc(Nc2n[nH]c3ncc(F)cc23)nc(C2CCCCC2)n1
CHEMBL3652551,1,validation,Cc1cc(Nc2n[nH]c3ccc(F)cc23)nc(C2CCCCC2)n1
CHEMBL3661029,1,train,Fc1cnc2[nH]nc(Nc3cc(C(F)(F)F)cc(-c4ccccc4Cl)n3)c2c1
CHEMBL3661030,1,train,Cc1cc(Nc2n[nH]c3ncc(F)cc23)nc(-c2ccccc2Cl)c1C
CHEMBL3661031,1,train,Cc1cc(Nc2n[nH]c3ncc(F)cc23)nc(-c2ccccc2Cl)c1
CHEMBL3661032,1,train,Cc1cc(-c2ccccc2Cl)nc(Nc2n[nH]c3ncc(F)cc23)c1C
CHEMBL3661033,1,train,Cc1cc(Nc2n[nH]c3ncc(F)cc23)nc(-c2ccccc2)c1C
CHEMBL3673434,1,validation,COc1cc(F)ccc1-c1ccnc(NC(=O)[C@H]2CCC[C@@H](NC(C)=O)C2)c1
CHEMBL3673435,1,validation,COc1cc(F)ccc1-c1ccnc(NC(=O)C2CCC(NC(C)=O)C2)c1
CHEMBL3673983,1,train,Cc1[nH]nc2c1[C@H](c1ccccc1)C1=C(CC(C)(C)CC1=O)N2
CHEMBL3673985,1,train,COc1ccccc1C1C2=C(CC(C)(C)CC2=O)Nc2n[nH]c(C(F)(F)F)c21
CHEMBL3681949,1,validation,C#Cc1cc(Nc2nccc(Oc3ccc(NC(=O)Nc4cc(C(C)(C)C)cc(NS(C)(=O)=O)c4OC)c4ccccc34)n2)cc(C(=O)NCCOCCOCCOC)c1
CHEMBL3688339,1,validation,CC(=O)c1cnc2ccc(-c3cc(Cl)c(O)c(Cl)c3)nc2c1N[C@H]1CC[C@H](CN(C)C)CC1
CHEMBL3695569,1,validation,COCC(=O)Nc1cc(Oc2ccc(NC(=O)Nc3cc(C(C)(C)C)nn3-c3ccc(C)cc3)c3ccccc23)ccn1
CHEMBL3699142,0,validation,CCNC(=O)C#Cc1ccc2c(c1)NC(=O)/C2=C(\\Nc1ccc(CN(C)C)cc1)c1ccccc1
CHEMBL3701062,1,validation,Cc1nccc(-c2ccc(C(=O)N3CCOCC3)c(Cl)c2)c1C#Cc1ccc(N)nc1
CHEMBL3701217,0,validation,Cc1ccc(-n2nc(C(C)(C)C)cc2NC(=O)Nc2ccc(Oc3ccnc(Nc4ccccc4)n3)c3ccccc23)cc1
CHEMBL372764,0,validation,CCCCCCCCCCCCCCCCCCOP(=O)([O-])OC1CC[N+](C)(C)CC1
CHEMBL3735506,1,validation,COCCN1CCC(CNC(=O)c2n[nH]c3ccc(-c4cccc(F)c4F)cc23)CC1
CHEMBL377300,0,train,Cc1cc2c(F)c(Oc3ncnn4cc(OC[C@@H](C)O)c(C)c34)ccc2[nH]1
CHEMBL379218,1,validation,Cc1n[nH]c2ccc(-c3cncc(OC[C@@H](N)Cc4ccccc4)c3)cc12
CHEMBL3813873,0,validation,FC(F)(F)c1ccc(CNc2ccc(Cc3c[nH]c4ncc(Cl)cc34)cn2)cn1
CHEMBL38380,0,train,O=S(=O)(c1cccc2cnccc12)N1CCCNCC1
CHEMBL384304,1,validation,COc1ccc(F)c(F)c1C(=O)c1cnc(NC2CCN(S(C)(=O)=O)CC2)nc1N
CHEMBL3884319,1,validation,CC1(C)C(=O)N([C@H]2CCc3c(O)cccc32)c2nc(Nc3ccccc3)ncc21
CHEMBL388978,1,train,CN[C@@H]1C[C@H]2O[C@@](C)([C@@H]1OC)n1c3ccccc3c3c4c(c5c6ccccc6n2c5c31)C(=O)NC4
CHEMBL3890213,1,validation,CC(C)(C)c1cc(NC(=O)Nc2ccc(Oc3ccnc(Nc4ccc5c(c4)C(=O)NC5)n3)c3ccccc23)n(-c2ccc(OCCN3CCOCC3)cc2)n1
CHEMBL3891402,1,train,CC(C)c1cc(NC(=O)Nc2ccc(Oc3ccnc(Nc4ccc5[nH]ncc5c4)n3)c3ccccc23)n(-c2ccc(OCCN3CCOCC3)cc2)n1
CHEMBL3892167,1,train,Cc1cc(Nc2cc(Oc3ccc(NC(=O)Nc4cc(C(C)(C)C)nn4-c4ccc(OCCN(C)C)cc4)c4ccccc34)ccn2)cc2cn[nH]c12
CHEMBL3894571,1,train,COC(=N)c1nc2ccc3ncnc(Nc4ccc(OC)cc4F)c3c2s1
CHEMBL3896872,1,train,Cc1n[nH]c2ccc(Nc3nccc(Oc4ccc(NC(=O)Nc5cc(C(C)(C)C)nn5-c5ccc(OCCN6CCOCC6)cc5)c5ccccc45)n3)cc12
CHEMBL3898648,1,train,CC(C)c1cc(NC(=O)Nc2ccc(Oc3ccnc(Nc4ccc5c(c4)NC(=O)C5)n3)c3ccccc23)n(-c2ccc(OCCN3CCOCC3)cc2)n1
CHEMBL3899391,1,validation,CC(C)(C)c1cc(NC(=O)Nc2ccc(Oc3ccnc(Nc4ccc5[nH]nnc5c4)n3)c3ccccc23)n(-c2ccc(OCCN3CCOCC3)cc2)n1
CHEMBL3899497,1,train,CC(C)(C)c1cc(NC(=O)Nc2ccc(Oc3cc(Nc4ccc5[nH]ncc5c4)ncn3)c3ccccc23)n(-c2ccc(=O)n(CCO)c2)n1
CHEMBL3900304,1,train,Cc1cc(Nc2cc(Oc3ccc(NC(=O)Nc4cc(C(C)(C)C)nn4-c4ccc(OCCN5CCOCC5)cc4)c4ccccc34)ccn2)cc2cn[nH]c12
CHEMBL3901628,1,validation,CC(C)(C)c1cc(NC(=O)Nc2ccc(Oc3ccnc(Nc4ccc5c(cnn5CCN5CCOCC5)c4)n3)c3ccccc23)n(-c2ccc(OCCN3CCOCC3)nc2)n1
CHEMBL3901815,1,validation,Cc1ccc(-n2nc(C(C)(C)C)cc2NC(=O)Nc2ccc(Oc3ccnc(Nc4ccc5cn[nH]c5c4)n3)c3ccccc23)cc1
CHEMBL3903492,1,validation,Cc1n[nH]c2ncc(C(=O)N3CCC[C@H]3c3ccc(Cl)cc3)cc12
CHEMBL3905700,1,validation,Cc1cc2cc(Nc3nccc(Oc4ccc(NC(=O)Nc5cc(C(C)(C)C)nn5-c5ccc(OCCN6CCOCC6)cc5)c5ccccc45)n3)ccc2[nH]1
CHEMBL3907174,1,validation,COc1ccc(-n2nc(C(C)(C)C)cc2NC(=O)Nc2ccc(Oc3ccnc(Nc4ccc5[nH]nc(C(=O)N6CCOCC6)c5c4)n3)c3ccccc23)cn1
CHEMBL3907479,0,validation,Cc1nc2ccc(-n3ncc(C(=O)c4cc5ccccc5[nH]4)c3N)cc2[nH]1
CHEMBL3909641,1,train,CC(C)(C)c1cc(NC(=O)Nc2ccc(Oc3ccnc(Nc4ccc5scnc5c4)n3)c3ccccc23)n(-c2ccc(OCCN3CCOCC3)cc2)n1
CHEMBL3912657,1,train,CC(C)c1cc(NC(=O)Nc2ccc(Oc3ccnc(Nc4ccc5[nH]ncc5c4)n3)c3ccccc23)n(-c2ccc(=O)n(CCO)c2)n1
CHEMBL3914683,1,train,CC(C)(C)c1cc(NC(=O)Nc2ccc(Oc3ccnc(Nc4ccc5c(c4)CS(=O)(=O)C5)n3)c3ccccc23)n(-c2ccc(OCCN3CCOCC3)cc2)n1
CHEMBL3915286,1,train,COc1cc(Nc2cc(Oc3ccc(NC(=O)Nc4cc(C(C)(C)C)cc(NS(C)(=O)=O)c4OC)c4ccccc34)ccn2)ccc1C(=O)O
CHEMBL3915981,1,train,Cc1cc(Nc2nccc(Oc3ccc(NC(=O)Nc4cc(C(C)(C)C)nn4-c4cccc(CN5CCCC5=O)c4)c4ccccc34)n2)cc2cn[nH]c12
CHEMBL3918561,1,train,CC(C)(C)c1cc(NC(=O)Nc2ccc(Oc3ccnc(Nc4ccc5[nH]c(=O)oc5c4)n3)c3ccccc23)n(-c2ccc(OCCN3CCOCC3)cc2)n1
CHEMBL3919242,1,train,Cc1ccc(-n2nc(C(C)(C)C)cc2NC(=O)Nc2ccc(Oc3ccnc(Nc4ccc5[nH]cnc5c4)n3)c3ccccc23)cc1
CHEMBL3919491,1,train,CC(C)(C)c1cc(NC(=O)Nc2ccc(Oc3cc(Nc4ccc5[nH]ncc5c4)ncn3)c3ccccc23)n(-c2ccc(OCCN3CCOCC3)cc2)n1
CHEMBL3920172,1,train,COCCOc1cccc(-n2nc(C(C)(C)C)cc2NC(=O)Nc2ccc(Oc3ccnc(Nc4cc(C)c5[nH]ncc5c4)c3)c3ccccc23)c1
CHEMBL3920935,1,train,CC(C)(C)c1cc(NC(=O)Nc2ccc(Oc3ccnc(Nc4ccc5[nH]ncc5c4)n3)c3ccccc23)n(-c2cccc(OCCN3CCOCC3)c2)n1
CHEMBL3921479,1,train,COc1ccc(-n2nc(C3CCOC3)cc2NC(=O)Nc2ccc(Oc3ccnc(Nc4ccc5[nH]ncc5c4)n3)c3ccccc23)cc1
CHEMBL3921640,1,train,Cc1cc(Nc2nccc(Oc3ccc(NC(=O)Nc4cc(C(C)(C)C)nn4-c4ccc(=O)n(CCO)c4)c4ccccc34)n2)cc2cn[nH]c12
CHEMBL3921959,1,train,Cc1ccc(-n2nc(C(C)(C)C)cc2NC(=O)Nc2ccc(Oc3ccnc(Nc4ccc5c(c4)OCO5)n3)c3ccccc23)cc1
CHEMBL3922538,1,train,COc1ccc(-n2nc(C(C)C)cc2NC(=O)Nc2ccc(Oc3ccnc(Nc4ccc5[nH]nc(C(=O)N(C)C)c5c4)n3)c3ccccc23)cc1
CHEMBL3924003,1,train,Cc1nc2cc(Nc3nccc(Oc4ccc(NC(=O)Nc5cc(C(C)(C)C)nn5-c5ccc(OCCN6CCOCC6)cc5)c5ccccc45)n3)ccc2[nH]1
CHEMBL3925985,1,train,CC(C)c1cc(NC(=O)Nc2ccc(Oc3ccnc(Nc4ccc5[nH]ncc5c4)c3)c3ccccc23)n(-c2cccc(OCCN3CCOCC3)c2)n1
CHEMBL3927937,1,train,COc1ccc(-n2nc(C(C)C)cc2NC(=O)Nc2ccc(Oc3ccnc(Nc4ccc5[nH]nc(OCCN6CCOCC6)c5c4)n3)c3ccccc23)cc1
CHEMBL3931027,1,train,CC(C)(C)c1cc(NC(=O)Nc2ccc(Oc3ccnc(Nc4ccc5[nH]ncc5c4)n3)c3ccccc23)n(-c2ccc(OCCN3CCOCC3)cc2)n1
CHEMBL3933021,1,train,CC(C)(C)c1cc(NC(=O)Nc2ccc(Oc3ccnc(Nc4ccc5[nH]ncc5c4)n3)c3ccccc23)n(-c2ccc(OCCN3CCOCC3)nc2)n1
CHEMBL3933807,1,train,CC(C)(C)c1cc(NC(=O)Nc2ccc(Oc3ccnc(Nc4ccc5c(c4)OCCO5)n3)c3ccccc23)n(-c2ccc(OCCN3CCOCC3)cc2)n1
CHEMBL3935126,1,train,CC(C)c1cc(NC(=O)Nc2ccc(Oc3cc(Nc4ccc5[nH]ncc5c4)ncn3)c3ccccc23)n(-c2ccc(=O)n(CCO)c2)n1
CHEMBL3936257,1,train,CC(C)(C)c1cc(NC(=O)Nc2ccc(Oc3ccnc(Nc4ccc5[nH]ncc5c4)c3)c3ccccc23)n(-c2ccc(OCCN3CCOCC3)cc2)n1
CHEMBL3936603,1,train,CC(C)(C)c1cc(NC(=O)Nc2ccc(Oc3ccnc(Nc4ccc5c(cnn5CCN5CCOCC5)c4)n3)c3ccccc23)n(-c2ccc(OCCN3CCOCC3)cc2)n1
CHEMBL3936935,1,train,CC(C)(C)c1cc(NC(=O)Nc2ccc(Oc3ccnc(Nc4ccc5c(c4)NC(=O)C5)n3)c3ccccc23)n(-c2cccc(OCCN3CCOCC3)c2)n1
CHEMBL3938312,1,train,CC(C)(C)c1cc(NC(=O)Nc2ccc(Oc3ccnc(Nc4ccc5c(c4)COC5)n3)c3ccccc23)n(-c2ccc(OCCN3CCOCC3)cc2)n1
CHEMBL3940079,1,train,Cc1ccc(-n2nc(C(C)(C)C)cc2NC(=O)Nc2ccc(Oc3ccnc(Nc4ccc5c(c4)ncn5C)n3)c3ccccc23)cc1
CHEMBL3944099,1,train,CC(C)(C)c1cc(NC(=O)Nc2ccc(Oc3ccnc(Nc4ccc5[nH]ncc5c4)n3)c3ccccc23)n(-c2ccc(=O)n(CCO)c2)n1
CHEMBL3946614,1,train,Cc1ccc(-n2nc(C(C)(C)C)cc2NC(=O)Nc2ccc(Oc3ccnc(Nc4ccc5c(c4)CC(=O)N5)n3)c3ccccc23)cc1
CHEMBL3949420,1,train,CC(C)(C)c1cc(NC(=O)Nc2ccc(Oc3ccnc(Nc4ccc5[nH]ncc5c4)n3)c3ccccc23)n(-c2ccc(=O)n(CCN3CCOCC3)c2)n1
CHEMBL3950258,1,train,COc1ccc(-n2nc(C(C)(C)C)cc2NC(=O)Nc2ccc(Oc3ccnc(Nc4ccc5[nH]nc(OCCN6CCOCC6)c5c4)n3)c3ccccc23)cc1
CHEMBL3955192,1,train,Cc1ccc(-n2nc(C(C)(C)C)cc2NC(=O)Nc2ccc(Oc3ccnc(Nc4ccc5c(ccn5C)c4)n3)c3ccccc23)cc1
CHEMBL3957923,1,train,Cc1ccc(-n2nc(C(C)(C)C)cc2NC(=O)Nc2ccc(Oc3ccnc(Nc4ccc5[nH]nc(C(=O)NCCN6CCOCC6)c5c4)n3)c3ccccc23)cc1
CHEMBL3958384,1,train,Cc1ccc(-n2nc(C(C)(C)C)cc2NC(=O)Nc2ccc(Oc3ccnc(Nc4ccc5[nH]nnc5c4)n3)c3ccccc23)cc1
CHEMBL3958914,1,train,Cc1ccc(-n2nc(C(C)(C)C)cc2NC(=O)Nc2ccc(Oc3ccnc(Nc4ccc5scnc5c4)n3)c3ccccc23)cc1
CHEMBL3958953,1,train,COc1ccc(-n2nc(C(C)(C)C)cc2NC(=O)Nc2ccc(Oc3ccnc(Nc4ccc5c(cnn5CCN5CCOCC5)c4)n3)c3ccccc23)cc1
CHEMBL3960029,1,train,Cc1ccc(-n2nc(C(C)(C)C)cc2NC(=O)Nc2ccc(Oc3ccnc(Nc4ccc5ncn(C)c5c4)n3)c3ccccc23)cc1
CHEMBL3960541,1,train,Cc1cc(Nc2nccc(Oc3ccc(NC(=O)Nc4cc(C(C)(C)C)nn4-c4ccc(OCCN5CCOCC5)cc4)c4ccccc34)n2)cc2cn[nH]c12
CHEMBL3961674,1,train,Cc1cc(Nc2nccc(Oc3ccc(NC(=O)Nc4cc(C(C)(C)C)nn4-c4ccc(=O)n(CCN5CCOCC5)c4)c4ccccc34)n2)cc2cn[nH]c12
CHEMBL3962324,1,train,Cc1ccc(-n2nc(C(C)(C)C)cc2NC(=O)Nc2ccc(Oc3ccnc(Nc4ccc5c(cnn5CCN5CCOCC5)c4)n3)c3ccccc23)cc1
CHEMBL3965728,1,train,CC(C)(C)c1cc(NC(=O)Nc2ccc(Oc3ccnc(Nc4ccc5[nH]ncc5c4)c3)c3ccccc23)n(-c2cccc(OCCN3CCOCC3)c2)n1
CHEMBL3966684,1,train,CC(C)(C)c1cc(NC(=O)Nc2ccc(Oc3ccnc(Nc4ccc5[nH]ncc5c4)n3)c3ccccc23)n(-c2cccc(CN3CCCC3=O)c2)n1
CHEMBL3969828,1,train,CC(C)(C)c1cc(NC(=O)Nc2ccc(Oc3ccnc(Nc4ccc5c(c4)NC(=O)C5(C)C)n3)c3ccccc23)n(-c2ccc(OCCN3CCOCC3)cc2)n1
CHEMBL3972709,1,train,Cc1cc(Nc2nccc(Oc3ccc(NC(=O)Nc4cc(C(C)(C)C)nn4-c4ccc(OCCN5CCOCC5)nc4)c4ccccc34)n2)cc2cn[nH]c12
CHEMBL3975188,1,train,COc1ccc(-n2nc(C(C)(C)C)cc2NC(=O)Nc2ccc(Oc3ccnc(Nc4ccc5[nH]nc(C(=O)N(C)C)c5c4)n3)c3ccccc23)cc1
CHEMBL3975927,1,train,Cc1ccc(-n2nc(C(C)(C)C)cc2NC(=O)Nc2ccc(Oc3ccnc(Nc4ccc5c(c4)CC(=O)N5C)n3)c3ccccc23)cc1
CHEMBL3976445,1,train,CC(C)(C)c1cc(NC(=O)Nc2ccc(Oc3ccnc(Nc4ccc5c(c4)OCO5)n3)c3ccccc23)n(-c2ccc(OCCN3CCOCC3)cc2)n1
CHEMBL3979828,1,train,CC(C)(C)c1cc(NC(=O)Nc2ccc(Oc3ccnc(Nc4ccc5ncsc5c4)n3)c3ccccc23)n(-c2ccc(OCCN3CCOCC3)cc2)n1
CHEMBL3980630,1,train,Cc1n[nH]c2cc(Nc3nccc(Oc4ccc(NC(=O)Nc5cc(C(C)(C)C)nn5-c5ccc(OCCN6CCOCC6)cc5)c5ccccc45)n3)ccc12
CHEMBL3984798,1,train,CC(C)(C)c1cc(NC(=O)Nc2ccc(Oc3ccnc(Nc4ccc5sncc5c4)n3)c3ccccc23)n(-c2ccc(OCCN3CCOCC3)cc2)n1
CHEMBL3986904,1,train,CC(C)(C)c1cc(NC(=O)Nc2ccc(Oc3ccnc(Nc4ccc5c(c4)NC(=O)C5)n3)c3ccccc23)n(-c2ccc(OCCN3CCOCC3)nc2)n1
CHEMBL3989868,0,train,Cc1cc(Nc2ncnc3ccc(NC4=NC(C)(C)CO4)cc23)ccc1Oc1ccn2ncnc2c1
CHEMBL3989870,1,train,CNCc1ccc(-c2cc(-c3nc(-c4ccc(S(=O)(=O)C(C)C)cc4)cnc3N)on2)cc1
CHEMBL3989914,0,train,COCCNCc1ccc(-c2cc3nccc(Oc4ccc(NC(=S)NC(=O)Cc5ccc(F)cc5)cc4F)c3s2)nc1
CHEMBL3991927,0,train,COc1ccc(S(=O)(=O)N(C(C)=O)c2ccccc2/C=C/c2cc[n+]([O-])cc2)cc1
CHEMBL3991929,0,train,CCS(=O)(=O)N1CCN(c2ccc(Nc3ncc(C(N)=O)c(NC4CC4)n3)cc2)CC1.Cl
CHEMBL3991931,0,train,C=CC(=O)N1CCC[C@H](n2c(=O)n(-c3ccc(Oc4ccccc4)cc3)c3c(N)ncnc32)C1
CHEMBL3991932,0,train,Cc1ccc(-n2nc(C(C)(C)C)cc2NC(=O)NCc2cc(F)ccc2Oc2ccc3c(cnn3CCO)c2)cc1
CHEMBL3991933,0,train,Cc1nc2cc(-c3nn(C(C)C)c4ncnc(N)c34)ccc2o1
CHEMBL3991934,0,train,COCc1c(-c2ccc(NC(=O)Nc3cc(C(F)(F)F)ccc3F)c(F)c2)c2c(N)ncnn2c1CN1CCOCC1
CHEMBL3991935,0,train,CN1CC[C@@H](c2c(O)cc(O)c3c(=O)cc(-c4ccccc4Cl)oc23)[C@@H]1CO.Cl
CHEMBL400402,0,train,Cc1cc(-c2cc(O)ccc2Cl)cc2nnc(Nc3ccc(OCCN4CCCC4)cc3)nc12
CHEMBL401918,1,train,Cn1c(=O)c2cnc(Nc3ccc(C(=O)O)cc3)nc2n1-c1ccccc1
CHEMBL402541,1,train,O=C(O)COc1ccc(Nc2ncc3nnn(-c4ccccc4)c3n2)cc1
CHEMBL402548,0,train,CO[C@@H](C(=O)N1Cc2[nH]nc(NC(=O)c3ccc(N4CCN(C)CC4)cc3)c2C1)c1ccccc1
CHEMBL402902,1,train,O=C(O)c1ccc(Nc2ncc([N+](=O)[O-])c(NC34CC5CC(CC(O)(C5)C3)C4)n2)cc1
CHEMBL402932,1,train,O=C(O)c1ccc(Nc2ncc3nnn(-c4ccccc4)c3n2)cc1
CHEMBL402969,1,train,O=C(O)COc1ccc(Nc2ncc([N+](=O)[O-])c(Nc3ccccc3)n2)cc1
CHEMBL403233,0,train,O[C@]12C=C(c3nccc4c3[nH]c3ccccc34)[C@@H]3CCN(CCCC/C=C\\CC1)C[C@@]31C[C@@H]3/C=C\\CCCCN3[C@H]12
CHEMBL403385,1,train,OC12CC3CC(C1)CC(Nc1nc(N[C@H]4CC[C@H](O)CC4)ncc1Br)(C3)C2
CHEMBL403856,1,train,O=C1CN(c2ccccc2)c2nc(Nc3ccc(C(=O)O)cc3)ncc2N1
CHEMBL403989,0,train,Cc1cc(-c2cc(OC(=O)c3ccccc3)ccc2Cl)cc2nnc(Nc3ccc(OCCN4CCCC4)cc3)nc12
CHEMBL404174,1,train,O=[N+]([O-])c1cnc(N[C@H]2CC[C@H](O)CC2)nc1NC12CC3CC(CC(O)(C3)C1)C2
CHEMBL404175,1,train,O=C(O)CCc1ccc(Nc2ncc([N+](=O)[O-])c(NC34CC5CC(CC(C5)C3)C4)n2)cc1
CHEMBL404242,1,train,COC(=O)COc1ccc(Nc2ncc3nnn(-c4ccccc4)c3n2)cc1
CHEMBL40439,1,train,c1ccc(CSc2nnc(-c3ccncc3)o2)cc1
CHEMBL404565,1,train,O=C(O)CCc1ccc(Nc2ncc3nnn(-c4ccccc4)c3n2)cc1
CHEMBL405021,1,train,O=C(Nc1n[nH]c2cc(-c3ccccc3)ccc12)C1CC1
CHEMBL405130,0,train,COc1cc2ncnc(Nc3ccc(O)cc3)c2cc1OC
CHEMBL405145,1,train,O=C(Nc1n[nH]c2nc(-c3ccc(O)cc3)ccc12)C1CC1
CHEMBL406062,1,train,CCCC(=O)Nc1n[nH]c2ncc(-c3ccc4ccccc4c3)cc12
CHEMBL406125,1,train,CN1CCC(C(=O)Nc2n[nH]c3nnc(-c4ccccc4)cc23)CC1
CHEMBL406620,1,train,COc1cccc(-c2ccc3c(NC(=O)C4CC4)n[nH]c3n2)c1
CHEMBL406644,1,train,O=C(Nc1n[nH]c2nc(-c3nccs3)c(Br)cc12)C1CCCC1
CHEMBL4066664,1,train,FC(F)(F)CNc1nc(Nc2ccc3cn[nH]c3c2)nc2ccoc12
CHEMBL406701,1,train,CCC(=O)Nc1n[nH]c2ncc(-c3ccccc3)cc12
CHEMBL407002,1,train,CCCC(=O)Nc1n[nH]c2ncc(-c3cccnc3)cc12
CHEMBL407003,1,train,CCCC(=O)Nc1n[nH]c2ncc(-c3ccccc3Cl)cc12
CHEMBL407113,1,train,NS(=O)(=O)c1cccc(-c2ccc3c(NC(=O)C4CC4)n[nH]c3c2)c1
CHEMBL407373,1,train,CCCC(=O)Nc1n[nH]c2ncc(-c3ccccc3F)cc12
CHEMBL407374,1,train,CCCC(=O)Nc1n[nH]c2ncccc12
CHEMBL407730,1,train,CCN1CCN(CCCC(=O)Nc2n[nH]c3nc(-c4cccc(O)c4)ccc23)CC1
CHEMBL407958,1,train,O=C(Nc1n[nH]c2nc(-c3ccccc3)c(-c3ccccc3)cc12)C1CC1
CHEMBL407980,1,train,O=C(Nc1n[nH]c2nc(-c3cccs3)c(Br)cc12)C1CCCC1
CHEMBL407981,1,train,CCN1CCN(CCCC(=O)Nc2n[nH]c3nc(-c4ccc(O)cc4)c(Br)cc23)CC1
CHEMBL408019,1,train,O=C(Nc1n[nH]c2nc(-c3cccc(O)c3)ccc12)C1CC1
CHEMBL408564,1,train,O=C(Nc1n[nH]c2nc(-c3ccco3)c(Br)cc12)C1CC1
CHEMBL408634,1,train,Nc1n[nH]c2nnc(-c3ccccc3)cc12
CHEMBL408809,1,train,CCNC(=O)Nc1n[nH]c2ncc(-c3ccccc3)cc12
CHEMBL4089159,1,train,COC(=O)C1=C(Nc2ccccc2Cl)O/C(=C\\c2c[nH]c3ncccc23)C1=O
CHEMBL408979,1,train,COc1ccccc1-c1ccc2c(NC(=O)C3CC3)n[nH]c2n1
CHEMBL409450,1,train,O=C1Nc2cc(Br)ccc2/C1=C1/Nc2ccccc2/C1=N\\O
CHEMBL409738,1,train,CCN1CCN(CCCC(=O)Nc2n[nH]c3nnc(-c4ccccc4)cc23)CC1
CHEMBL410926,1,train,CN1CCC(C(=O)Nc2n[nH]c3nc(-c4ccc(O)cc4)ccc23)CC1
CHEMBL4110557,1,train,CC(C)(C)c1cc(NC(=O)Nc2ccc(Oc3ccnc(Nc4ccc5oc(=O)[nH]c5c4)n3)c3ccccc23)n(-c2ccc(OCCN3CCOCC3)cc2)n1
CHEMBL411907,0,train,C=CCN(/C=C1/C(=O)O[C@H](COC)[C@@]2(C)C1=C(O)C(=O)C1=C2[C@H](OC(C)=O)C[C@]2(C)C(=O)CC[C@@H]12)CC=C
CHEMBL412142,1,train,Cc1cnc(-c2cnc(NCCNc3ccc(C#N)cn3)nc2-c2ccc(Cl)cc2Cl)[nH]1
CHEMBL413,0,train,CO[C@H]1C[C@@H]2CC[C@@H](C)[C@@](O)(O2)C(=O)C(=O)N2CCCC[C@H]2C(=O)O[C@H]([C@H](C)C[C@@H]2CC[C@@H](O)[C@H](OC)C2)CC(=O)[C@H](C)/C=C(\\C)[C@@H](O)[C@@H](OC)C(=O)[C@H](C)C[C@H](C)/C=C/C=C/C=C/1C
CHEMBL415049,0,train,CCN(CCCOc1ccc2c(Nc3cc(CC(=O)Nc4cccc(F)c4)[nH]n3)ncnc2c1)CCOP(=O)(O)O
CHEMBL4172418,1,train,CCCCC(=O)Nc1n[nH]c2nnc(-c3ccccc3)cc12
CHEMBL41783,1,train,CN(C)CCCC(=O)Nc1n[nH]c2nnc(-c3cccc(F)c3F)cc12
CHEMBL421207,1,train,O=C(Nc1n[nH]c2cc(-c3ccco3)ccc12)C1CC1
CHEMBL422714,0,train,O=C1NC(=O)C(c2cccc(Cl)c2)=C1Nc1cc(Cl)c(O)c(Cl)c1
CHEMBL427909,1,train,O=C(Nc1n[nH]c2nc(-c3ccc(O)cc3)c(-c3ccccc3)cc12)C1CC1
CHEMBL428596,1,train,O=C(O)c1ccc(Nc2ncc(C3C=NN=N3)c(Nc3ccccc3)n2)cc1
CHEMBL4286578,1,train,COc1cc(F)ccc1-c1ncnc(Nc2cccc(CS(C)(=N)=O)c2)n1
CHEMBL428690,1,train,CN1CC[C@H](c2c(O)cc(O)c3c(=O)cc(-c4ccccc4Cl)oc23)[C@H](O)C1
CHEMBL434484,0,train,CSc1ccc(NC2=C(c3ccccc3)C(=O)NC2=O)cc1
CHEMBL435045,0,train,CN(C1=C(c2ccc(Cl)cc2)C(=O)NC1=O)c1ccccc1
CHEMBL4436862,1,train,O=C1NC(=S)N/C1=C/c1ccc(-c2ccc(Cl)c(Cl)c2)o1
CHEMBL4438334,1,train,CC[C@@]1(c2ccccc2)C2=C(CC(C)(C)CC2=O)Nc2n[nH]cc21
CHEMBL4442366,1,train,CC(=O)/N=C1/NC(=O)/C(=C\\c2ccc(-c3ccc(C(=O)O)cc3)o2)S1
CHEMBL4444495,1,train,CCCCOC(=O)c1cc(-c2ccc(/C=C3/NC(=S)NC3=O)o2)ccc1Cl
CHEMBL4444620,1,train,N=C1NC(=O)/C(=C\\c2ccc(-c3ccc(Cl)cc3Cl)o2)S1
CHEMBL4452888,1,train,CCCOC(=O)c1cc(-c2ccc(/C=C3/NC(=S)NC3=O)o2)ccc1Cl
CHEMBL4452978,1,train,O=C1NC(=S)N/C1=C/c1ccc(-c2ccc(C(=O)O)cc2)o1
CHEMBL4455512,1,train,N=C1NC(=O)/C(=C\\c2ccc(-c3cccc([N+](=O)[O-])c3)o2)S1
CHEMBL4456469,1,train,O=C1NC(=S)N/C1=C/c1ccc(-c2ccccc2Cl)o1
CHEMBL445813,1,train,O=C(NC1CCNCC1)c1n[nH]cc1NC(=O)c1c(Cl)cccc1Cl
CHEMBL4459001,1,train,N=C1NC(=O)/C(=C\\c2ccc(-c3cc([N+](=O)[O-])ccc3Cl)o2)S1
CHEMBL4462530,1,train,CC(=O)N[C@@H]1CCC[C@H](C(=O)Nc2cc(-c3cnn4c3CC(C)(C)C4)c(Cl)cn2)C1
CHEMBL4465866,1,train,CO[C@@H]1[C@H](NCCOCCOCCOCCNC(=O)CCC2=[N+]3C(=Cc4c(C)cc(C)n4[B-]3(F)F)C=C2)C[C@H]2O[C@]1(C)n1c3ccccc3c3c4c(c5c6ccccc6n2c5c31)C(=O)NC4
CHEMBL4467604,1,train,Cc1ccc(-c2ccc(/C=C3/NC(=S)NC3=O)o2)c(Br)c1
CHEMBL4474903,1,train,CSc1nc(-c2ccc(F)cc2)c(-c2ccnc(NC(=O)C3CC3)c2)[nH]1
CHEMBL4476724,1,train,O=C(Nc1cc(-c2[nH]c(Cc3ccccc3)nc2-c2ccc(F)cc2)ccn1)C1CC1
CHEMBL4519366,1,train,Cc1ccc(-c2ccc(/C=C3/SC(=N)NC3=O)o2)cc1Cl
CHEMBL4519757,1,train,Cc1ccc(-c2ccc(/C=C3/NC(=S)NC3=O)o2)cc1Cl
CHEMBL4520113,1,train,COc1cc(CCC(=O)Nc2cc(-c3[nH]c(SC)nc3-c3ccc(F)cc3)ccn2)cc(OC)c1OC
CHEMBL4525557,1,train,O=C1NC(=O)N(c2ccc(Br)cc2)C(=O)/C1=C\\NCCc1c[nH]c2ccccc12
CHEMBL4526685,1,train,O=C1NC(=S)N/C1=C/c1ccc(-c2cccc(C(=O)O)c2)o1
CHEMBL4532859,1,train,CC1=NN(c2cccc(C(=O)O)c2)C(=O)/C1=C\\c1ccc(-c2ccc3c(c2)C(=O)NC3=O)o1
CHEMBL4536012,1,train,CCc1nc(-c2ccc(F)cc2)c(-c2ccnc(NC(=O)C3CC3)c2)[nH]1
CHEMBL4536515,1,train,Cc1c(-c2ccc(/C=C3/SC(=N)NC3=O)o2)ccc([N+](=O)[O-])c1C
CHEMBL4537545,1,train,N=C1NC(=O)/C(=C\\c2ccc(-c3ccccc3Cl)o2)S1
CHEMBL4545000,1,train,c1ccc(-c2noc(CSc3nnc(-c4ccncc4)o3)n2)cc1
CHEMBL4546015,1,train,O=C(Nc1cc(-c2[nH]c(SCc3ccccc3)nc2-c2ccc(F)cc2)ccn1)C1CC1
CHEMBL4550702,1,train,Cn1cc(-c2cnc3c(-c4csc(C(=O)NCC(F)(F)F)c4)cnn3c2)cn1
CHEMBL4552628,1,train,Cc1sc(C(=O)N[C@@H]2[C@H](N)CCCC2(F)F)cc1-c1cnn2cc(Cl)cnc12
CHEMBL4558089,1,train,N=C1NC(=O)/C(=C\\c2ccc(-c3cccc(Cl)c3)o2)S1
CHEMBL4561377,1,train,Cc1ccc(-c2ccc(/C=C3/SC(=N)NC3=O)o2)c([N+](=O)[O-])c1
CHEMBL4566633,1,train,O=C1NC(=S)N/C1=C/c1ccc(-c2ccc([N+](=O)[O-])cc2)o1
CHEMBL4568087,1,train,Cn1cc(-c2cnc3c(-c4csc(C(=O)N[C@@H]5CCCC[C@@H]5N)c4)cnn3c2)cn1
CHEMBL4568120,1,train,C=CCOC(=O)c1cc(-c2ccc(/C=C3/NC(=S)NC3=O)o2)ccc1Cl
CHEMBL4569508,1,train,O=C(NCC(F)(F)F)c1cc(-c2cnn3cc(-c4ccc(OCCN5CCCCC5)cc4)cnc23)cs1
CHEMBL4572532,1,train,N=C1NC(=O)/C(=C\\c2ccc(-c3cccc(C(=O)O)c3)o2)S1
CHEMBL4576489,1,train,CO[C@@H]1[C@H](N(C)CCOCCOCCOCCNC(=O)CCC2=[N+]3C(=Cc4c(C)cc(C)n4[B-]3(F)F)C=C2)C[C@H]2O[C@]1(C)n1c3ccccc3c3c4c(c5c6ccccc6n2c5c31)C(=O)NC4
CHEMBL4589431,1,train,C[S+]([O-])c1nc(-c2ccc(F)cc2)c(-c2ccnc(NC(=O)C3CC3)c2)[nH]1
CHEMBL4592453,1,train,N=C1NC(=O)/C(=C\\c2ccc(-c3ccc(Cl)c(Cl)c3)o2)S1
CHEMBL460702,0,train,CCOc1ccn(-c2ccc(F)cc2)c(=O)c1C(=O)Nc1ccc(Oc2ccnc(N)c2Cl)c(F)c1
CHEMBL462018,0,train,CN1N=C(N)c2cn([C@@H]3O[C@H](COP(=O)(O)O)[C@@H](O)[C@H]3O)c3ncnc1c23
CHEMBL4633057,1,train,Nc1ncnc2c1ncn2[C@@H]1O[C@H](COC(=O)c2ccc[nH]2)[C@@H](O)[C@H]1O
CHEMBL4634615,1,train,Nc1nc2c(ncn2[C@@H]2O[C@H](COC(=O)c3cc[nH]c3)[C@@H](O)[C@H]2O)c(=O)[nH]1
CHEMBL4634634,0,train,C[C@@H]1C[C@H]1C(=O)N1CCN(c2cnc(C#N)c(-c3cnn(C)c3)n2)C[C@H]1C
CHEMBL4636133,1,train,O=C(OC[C@H]1O[C@@H](n2cnc3c(=O)[nH]cnc32)[C@H](O)[C@@H]1O)c1ccc[nH]1
CHEMBL4637966,1,train,O=C(OC[C@H]1O[C@@H](n2cnc3c(=O)[nH]cnc32)[C@H](O)[C@@H]1O)c1cc[nH]c1
CHEMBL4640019,1,train,O=C(NCC1CCOCC1)c1n[nH]c2ccc(-c3cncc(CO)c3)cc12
CHEMBL4642516,1,train,Nc1nc2c(ncn2[C@@H]2O[C@H](COC(=O)c3ccc[nH]3)[C@@H](O)[C@H]2O)c(=O)[nH]1
CHEMBL464381,1,train,CC1=C(O)[C@@H](C/C(C)=C/CCC(C)/C=C/C=C(\\C)CCCc2ccoc2)OC1=O
CHEMBL4647499,1,train,Nc1ncnc2c1ncn2[C@@H]1O[C@H](COC(=O)c2cc[nH]c2)[C@@H](O)[C@H]1O
CHEMBL4744511,1,train,COc1ccnc(NC(=O)Cc2ccc3ccccc3c2)c1
CHEMBL4747992,1,train,NC(=O)c1sc(-c2ccnc(NC(=O)C3CC3)c2)nc1OCCCC1CCN(Cc2ccc(F)cc2)CC1
CHEMBL4749658,1,train,COc1ccc2cc(C(C)C(=O)Nc3cc(C)ccn3)ccc2c1
CHEMBL475251,1,train,COc1cc(Nc2ncc(F)c(Nc3ccc4c(n3)NC(=O)C(C)(C)O4)n2)cc(OC)c1OC
CHEMBL4754518,1,train,COc1ccc2cc([C@H](C)C(=O)Nc3cc(C)ccn3)ccc2c1
CHEMBL4754904,1,train,O=C(Cc1ccc2ccccc2c1)Nc1cc(Cl)ccn1
CHEMBL476124,0,train,NC(=O)c1sc2c([N+](=O)[O-])cc(C(F)(F)F)cc2[n+]1[O-]
CHEMBL4777349,1,train,O=C1NCCC12CCN(c1c(Cl)cncc1-c1cc3ccccc3o1)CC2
CHEMBL4781866,1,train,Cc1ccnc(NC(=O)Cc2ccc3ccccc3c2)c1
CHEMBL4788045,1,train,CN1CC=C(c2c(O)cc(O)c3c(=O)cc(-c4ccc(Sc5nc6ccccc6n5C)cc4Cl)oc23)CC1
CHEMBL4791586,1,train,O=C1NCCC12CCN(c1c(Cl)cncc1-c1cc3ccccc3s1)CC2
CHEMBL482767,0,train,O=C(Nc1cccc(Cl)c1)Nc1ncc(CCNc2ncnc3ccsc23)s1
CHEMBL482967,0,train,Cc1nc(N)sc1-c1ccnc(Nc2ccc(N3CCOCC3)cc2)n1
CHEMBL482968,0,train,Cc1cc(Nc2cc(N3CCN(C)CC3)nc(/C=C/c3ccccc3)n2)n[nH]1
CHEMBL483158,0,train,COc1cc(Nc2ncc3c(n2)-c2ccc(Cl)cc2C(c2c(F)cccc2OC)=NC3)ccc1C(=O)O
CHEMBL483321,0,train,COCC(=O)NC/C=C/c1ccc2ncnc(Nc3ccc(Oc4ccc(C)nc4)c(C)c3)c2c1
CHEMBL485053,1,train,CN1C(=O)/C(=C/c2ccc3c(c2)OCO3)N=C1N
CHEMBL4856177,1,train,CC(C)c1c2cc(-c3ccnc(Nc4ccc5c(N6CCN(C)CC6)ccnc5c4)n3)ccc2nn1C
CHEMBL4861930,1,train,OC1(c2ccccc2)CSC(=S)N1Cc1ccncc1
CHEMBL4868568,1,train,CCOC(=O)C1=C(NN2CCN(CC(F)(F)F)CC2)O/C(=C\\c2c[nH]c3ncccc23)C1=O
CHEMBL4875188,1,train,COc1ccccc1C1=C(Nc2cccc(C#N)c2)C(=O)NC1=O
CHEMBL4877117,1,train,Cn1cc(-n2cnc3c(NCc4nc5cc(Cl)c(Cl)cc5[nH]4)nc(N4CCOCC4)nc32)cn1
CHEMBL488436,1,train,Cc1ncc(-c2ccnc(Nc3ccc(S(C)(=O)=O)cc3)n2)n1C(C)C
CHEMBL491473,0,train,COc1cc2c(Oc3ccc4[nH]c(C)cc4c3F)ncnc2cc1OCCCN1CCCC1
CHEMBL494089,1,train,CCn1c(-c2nonc2N)nc2c(C#CC(C)(C)O)ncc(OC[C@H]3CCCNC3)c21
CHEMBL495727,1,train,O=C(Nc1c[nH]nc1-c1nc2ccc(CN3CCOCC3)cc2[nH]1)NC1CC1
CHEMBL496102,0,train,COc1ccc2c(OCc3nnc4ccc(-c5ccccc5)nn34)ccnc2c1
CHEMBL502835,1,train,COC(=O)c1ccc2c(c1)NC(=O)/C2=C(\\Nc1ccc(N(C)C(=O)CN2CCN(C)CC2)cc1)c1ccccc1
CHEMBL507361,0,train,O=C(NOC[C@H](O)CO)c1ccc(F)c(F)c1Nc1ccc(I)cc1F
CHEMBL5082933,1,train,CC(C)C[C@](C)(N)COc1ccc(-c2ccnc(C(F)F)c2)cc1C(F)(F)F
CHEMBL5084426,0,train,COc1cnccc1Nc1nc(-c2nn(Cc3c(F)cc(OCCO)cc3F)c3ccccc23)ncc1OC
CHEMBL5087022,1,train,COc1cc(F)ccc1-c1cc(Nc2cc(CS(C)(=O)=O)ccn2)ncc1F
CHEMBL50894,1,train,O=C1Cc2c([nH]c3ccc([N+](=O)[O-])cc23)-c2ccccc2N1
CHEMBL513909,0,train,CC[C@@H]1C(=O)N(C)c2cnc(Nc3ccc(C(=O)NC4CCN(C)CC4)cc3OC)nc2N1C1CCCC1
CHEMBL514201,0,train,C[C@@H]1CN(Cc2ccc(F)cc2)[C@@H](C)CN1C(=O)c1cc2c(C(=O)C(=O)N(C)C)cn(C)c2cc1Cl
CHEMBL5173945,1,train,COc1ccc(-c2ocnc2C(=O)NCCCn2cncn2)cc1Cl
CHEMBL5178166,1,train,O=C1NC(=O)C(c2cn3c4c(cc(F)cc24)CN(C(=O)N2CCCCC2)CC3)=C1c1cn2ccccc2n1
CHEMBL5200578,1,train,CC1(C)CC(=O)C2=C(C1)Nc1n[nH]c(C(F)(F)F)c1[C@]2(C)c1ccccc1
CHEMBL521851,0,train,CS(=O)(=O)N1CCN(Cc2cc3nc(-c4cccc5[nH]ncc45)nc(N4CCOCC4)c3s2)CC1
CHEMBL523823,1,train,CCn1c2cc(Cl)c(O)cc2c(=O)c2c(=O)o[nH]c21
CHEMBL536151,0,train,O=C(Nc1cc(C(F)(F)F)cc(C(F)(F)F)c1)c1cc(Cl)ccc1O
CHEMBL551064,0,train,Nc1ncnc2c1c(-c1cccc(OCc3ccccc3)c1)cn2[C@H]1C[C@H](N2CCC2)C1
CHEMBL564829,0,train,CNC(=O)c1nn(C)c2c1C(C)(C)Cc1cnc(Nc3ccc(N4CCN(C)CC4)cc3)nc1-2
CHEMBL565612,1,train,CN1CCN(c2nc(C3=C(c4c[nH]c5ccccc45)C(=O)NC3=O)c3ccccc3n2)CC1
CHEMBL571546,0,train,O=C(Cc1ccc(-c2ccc(OCCN3CCOCC3)cc2)cn1)NCc1ccccc1
CHEMBL571948,1,train,C[C@@H](N)c1ccc(C(=O)Nc2ccnc3[nH]ccc23)cc1
CHEMBL574737,0,train,CN[C@@H]1C[C@H]2O[C@@](C)([C@@H]1OC)n1c3ccccc3c3c4c(c5c6ccccc6n2c5c31)C(=O)N[C@H]4O
CHEMBL574738,1,train,CCN1CCN(Cc2ccc(NC(=O)Nc3ccc(Oc4cc(NC)ncn4)cc3)cc2C(F)(F)F)CC1
CHEMBL575448,0,train,C[C@@]1(C(=O)Nc2ccc(F)nc2)CCCN1c1nc(Nc2cc(C3CC3)n[nH]2)c2cccn2n1
CHEMBL587723,0,train,CCN1CCN(Cc2ccc(-c3cc4c(N[C@H](C)c5ccccc5)ncnc4[nH]3)cc2)CC1
CHEMBL588859,0,train,O=C(Nc1ccsc1C(=O)NC1CCCCC1)c1ccc(F)cc1
CHEMBL590109,1,train,NCCn1cc(-c2cc(-c3cc4ccccc4s3)c3[nH]ncc3c2)c2nc(N)ncc21
CHEMBL592445,0,train,CN(C)C1CCN(C(=O)c2ccc(NC(=O)Nc3ccc(-c4nc(N5CCOCC5)nc(N5CCOCC5)n4)cc3)cc2)CC1
CHEMBL598797,0,train,C#Cc1cccc(Nc2ncnc3cc(OC)c(OCCCCCCC(=O)NO)cc23)c1
CHEMBL601719,0,train,C[C@@H](Oc1cc(-c2cnn(C3CCNCC3)c2)cnc1N)c1c(Cl)ccc(F)c1Cl
CHEMBL603469,1,train,C[C@]12O[C@H](C[C@]1(O)CO)n1c3ccccc3c3c4c(c5c6ccccc6n2c5c31)CNC4=O
CHEMBL607707,0,train,CCOc1cc2ncc(C#N)c(Nc3ccc(F)c(Cl)c3)c2cc1NC(=O)/C=C/CN(C)C
CHEMBL608533,1,train,CO[C@@H]1[C@H](N(C)C(=O)c2ccccc2)C[C@H]2O[C@]1(C)n1c3ccccc3c3c4c(c5c6ccccc6n2c5c31)C(=O)NC4
CHEMBL63803,1,train,COc1cc(/C=N/Nc2ncnc3c2cnn3-c2ccccc2)ccc1O
CHEMBL75680,1,train,CCCCc1c(-c2ccc(O)cc2)[nH]c2nccnc12
CHEMBL91829,1,train,CN(C)C[C@@H]1CCn2cc(c3ccccc32)C2=C(C(=O)NC2=O)c2cn(c3ccccc23)CCO1
